{
    "viaduct_35 pink tablet": {
        "image_auroc": 0.7786666666666666,
        "pixel_ap": 0.22746348318200063,
        "normal_count": 50,
        "anomaly_count": 60
    },
    "viaduct_13 socket housing": {
        "image_auroc": 0.5940828402366864,
        "pixel_ap": 0.033521100786689274,
        "normal_count": 65,
        "anomaly_count": 52
    },
    "continual_ad_Notebook": {
        "image_auroc": 0.48873911080274446,
        "pixel_ap": 0.013309500578387416,
        "normal_count": 354,
        "anomaly_count": 513
    },
    "btad_02": {
        "image_auroc": 0.7340350877192983,
        "pixel_ap": 0.22385683539419393,
        "normal_count": 30,
        "anomaly_count": 190
    }
}