{
    "viaduct_25 reinforcing sleeve": {
        "image_auroc": 0.6163636363636364,
        "pixel_ap": 0.015902922357042545,
        "normal_count": 50,
        "anomaly_count": 11
    },
    "mpdd_bracket_white": {
        "image_auroc": 0.6516666666666666,
        "pixel_ap": 1.1347853481164545e-05,
        "normal_count": 30,
        "anomaly_count": 20
    },
    "viaduct_16 vibration sensor": {
        "image_auroc": 0.603,
        "pixel_ap": 0.003456933910246453,
        "normal_count": 50,
        "anomaly_count": 20
    },
    "viaduct_43 paperclip": {
        "image_auroc": 0.7437229437229437,
        "pixel_ap": 0.08179827296715934,
        "normal_count": 110,
        "anomaly_count": 63
    },
    "viaduct_32 bone pliers": {
        "image_auroc": 0.7623337623337624,
        "pixel_ap": 0.1357922885433898,
        "normal_count": 185,
        "anomaly_count": 63
    },
    "viaduct_38 round pill": {
        "image_auroc": 0.703170731707317,
        "pixel_ap": 0.20098502925386663,
        "normal_count": 50,
        "anomaly_count": 82
    },
    "viaduct_31 valve handle red": {
        "image_auroc": 0.6125,
        "pixel_ap": 0.0012541622750775888,
        "normal_count": 45,
        "anomaly_count": 16
    },
    "viaduct_44 tack": {
        "image_auroc": 0.6632755474452554,
        "pixel_ap": 0.058675209089052015,
        "normal_count": 160,
        "anomaly_count": 137
    }
}