{
    "continual_ad_Cucumber": {
        "image_auroc": 0.43605757025406683,
        "pixel_ap": 0.011099393610849235,
        "normal_count": 505,
        "anomaly_count": 507
    },
    "continual_ad_Spoon": {
        "image_auroc": 0.46692896912930015,
        "pixel_ap": 0.0062651726839474,
        "normal_count": 527,
        "anomaly_count": 517
    },
    "continual_ad_Apple": {
        "image_auroc": 0.4249044637775429,
        "pixel_ap": 0.050461745962507146,
        "normal_count": 490,
        "anomaly_count": 502
    },
    "continual_ad_Kleenex": {
        "image_auroc": 0.3040703275529865,
        "pixel_ap": 0.0228372533797463,
        "normal_count": 480,
        "anomaly_count": 519
    },
    "continual_ad_Glasses-case": {
        "image_auroc": 0.6012528676708514,
        "pixel_ap": 0.005901623538713712,
        "normal_count": 501,
        "anomaly_count": 549
    },
    "continual_ad_Toothbrush": {
        "image_auroc": 0.508,
        "pixel_ap": 0.0061493574653219436,
        "normal_count": 500,
        "anomaly_count": 549
    },
    "continual_ad_Soap": {
        "image_auroc": 0.5766839311399068,
        "pixel_ap": 0.007934372331413028,
        "normal_count": 394,
        "anomaly_count": 787
    },
    "continual_ad_Notebook": {
        "image_auroc": 0.4291913084657658,
        "pixel_ap": 0.014089975079793458,
        "normal_count": 354,
        "anomaly_count": 513
    },
    "continual_ad_Capsule": {
        "image_auroc": 0.5539925825461791,
        "pixel_ap": 0.01801546458832397,
        "normal_count": 507,
        "anomaly_count": 493
    },
    "continual_ad_Sunglasses": {
        "image_auroc": 0.5370040780862424,
        "pixel_ap": 0.019279125294445164,
        "normal_count": 499,
        "anomaly_count": 572
    },
    "continual_ad_Pencil": {
        "image_auroc": 0.5428631173312025,
        "pixel_ap": 0.0037868879612124613,
        "normal_count": 518,
        "anomaly_count": 517
    },
    "continual_ad_Food-container": {
        "image_auroc": 0.4522966808242882,
        "pixel_ap": 0.03546343213682613,
        "normal_count": 520,
        "anomaly_count": 489
    },
    "continual_ad_Chopsticks": {
        "image_auroc": 0.737282567888875,
        "pixel_ap": 0.01358825927658316,
        "normal_count": 488,
        "anomaly_count": 524
    },
    "continual_ad_Toy": {
        "image_auroc": 0.5411861523506539,
        "pixel_ap": 0.005677036578837268,
        "normal_count": 368,
        "anomaly_count": 492
    },
    "continual_ad_Multi-pen": {
        "image_auroc": 0.7322997926335538,
        "pixel_ap": 0.010950662044071354,
        "normal_count": 494,
        "anomaly_count": 492
    },
    "viaduct_09 joystick": {
        "image_auroc": 0.46116322701688556,
        "pixel_ap": 0.012706404832861918,
        "normal_count": 65,
        "anomaly_count": 41
    },
    "viaduct_01 shredded corn medium": {
        "image_auroc": 0.8054054054054054,
        "pixel_ap": 0.0588722747020197,
        "normal_count": 185,
        "anomaly_count": 95
    },
    "viaduct_46 damper small": {
        "image_auroc": 0.5721153846153846,
        "pixel_ap": 0.0729455127841503,
        "normal_count": 65,
        "anomaly_count": 48
    },
    "viaduct_18 raspberry": {
        "image_auroc": 0.47871148459383756,
        "pixel_ap": 0.06135685550276937,
        "normal_count": 170,
        "anomaly_count": 84
    },
    "viaduct_16 vibration sensor": {
        "image_auroc": 0.5589999999999999,
        "pixel_ap": 0.002783223774779066,
        "normal_count": 50,
        "anomaly_count": 20
    },
    "viaduct_36 redon needle": {
        "image_auroc": 0.7350088183421516,
        "pixel_ap": 0.05011078375270091,
        "normal_count": 180,
        "anomaly_count": 63
    },
    "viaduct_00 shredded corn rough": {
        "image_auroc": 0.6558653846153846,
        "pixel_ap": 0.045280509382231326,
        "normal_count": 80,
        "anomaly_count": 130
    },
    "viaduct_44 tack": {
        "image_auroc": 0.4703923357664234,
        "pixel_ap": 0.03944277468780349,
        "normal_count": 160,
        "anomaly_count": 137
    },
    "viaduct_06 coaxial t-adapter": {
        "image_auroc": 0.6299319727891157,
        "pixel_ap": 0.00577437446597534,
        "normal_count": 105,
        "anomaly_count": 14
    },
    "viaduct_31 valve handle red": {
        "image_auroc": 0.5763888888888888,
        "pixel_ap": 0.000708791842232493,
        "normal_count": 45,
        "anomaly_count": 16
    },
    "viaduct_04 battery tray": {
        "image_auroc": 0.5297435897435897,
        "pixel_ap": 0.001981106581505015,
        "normal_count": 65,
        "anomaly_count": 30
    },
    "viaduct_29 threaded fitting": {
        "image_auroc": 0.5487455197132617,
        "pixel_ap": 0.0026542919514816075,
        "normal_count": 90,
        "anomaly_count": 62
    },
    "viaduct_03 3-pole socket housing": {
        "image_auroc": 0.3645861601085481,
        "pixel_ap": 0.03514205337770072,
        "normal_count": 110,
        "anomaly_count": 134
    },
    "viaduct_33 drill": {
        "image_auroc": 0.6123993558776167,
        "pixel_ap": 0.04645674176339182,
        "normal_count": 180,
        "anomaly_count": 138
    },
    "viaduct_15 terminal block B": {
        "image_auroc": 0.492,
        "pixel_ap": 0.005416762348424226,
        "normal_count": 65,
        "anomaly_count": 50
    },
    "viaduct_17 cherry": {
        "image_auroc": 0.6043831168831169,
        "pixel_ap": 0.014439280692745641,
        "normal_count": 275,
        "anomaly_count": 112
    },
    "viaduct_21 cylinder screw": {
        "image_auroc": 0.6214646464646465,
        "pixel_ap": 0.009399691462819255,
        "normal_count": 180,
        "anomaly_count": 22
    },
    "viaduct_32 bone pliers": {
        "image_auroc": 0.618018018018018,
        "pixel_ap": 0.07779898799351134,
        "normal_count": 185,
        "anomaly_count": 63
    },
    "viaduct_42 aluminium plate": {
        "image_auroc": 0.8013333333333333,
        "pixel_ap": 0.01600003176779249,
        "normal_count": 20,
        "anomaly_count": 150
    },
    "viaduct_10 PCB": {
        "image_auroc": 0.48133333333333334,
        "pixel_ap": 0.0017093050147454487,
        "normal_count": 50,
        "anomaly_count": 45
    },
    "viaduct_19 strawberry": {
        "image_auroc": 0.49168253968253967,
        "pixel_ap": 0.16131277773339903,
        "normal_count": 175,
        "anomaly_count": 135
    },
    "viaduct_37 retractor": {
        "image_auroc": 0.5693162393162394,
        "pixel_ap": 0.04675895370753889,
        "normal_count": 180,
        "anomaly_count": 65
    },
    "viaduct_25 reinforcing sleeve": {
        "image_auroc": 0.5618181818181818,
        "pixel_ap": 0.013393512933229476,
        "normal_count": 50,
        "anomaly_count": 11
    },
    "viaduct_35 pink tablet": {
        "image_auroc": 0.679,
        "pixel_ap": 0.20151482803311743,
        "normal_count": 50,
        "anomaly_count": 60
    },
    "btad_02": {
        "image_auroc": 0.6150877192982456,
        "pixel_ap": 0.21736057865264996,
        "normal_count": 30,
        "anomaly_count": 190
    },
    "mpdd_bracket_black": {
        "image_auroc": 0.5033783783783785,
        "pixel_ap": 0.0012015705186593094,
        "normal_count": 32,
        "anomaly_count": 37
    },
    "mpdd_metal_plate": {
        "image_auroc": 0.3978562421185372,
        "pixel_ap": 0.4005499796882102,
        "normal_count": 26,
        "anomaly_count": 61
    },
    "mpdd_bracket_white": {
        "image_auroc": 0.41500000000000004,
        "pixel_ap": 1.6756533003024722e-05,
        "normal_count": 30,
        "anomaly_count": 20
    }
}