{
    "continual_ad_Cucumber": {
        "image_auroc": 0.42869920128107486,
        "pixel_ap": 0.009837394506810884,
        "normal_count": 505,
        "anomaly_count": 507
    },
    "continual_ad_Spoon": {
        "image_auroc": 0.580898410403033,
        "pixel_ap": 0.007097810368450356,
        "normal_count": 527,
        "anomaly_count": 517
    },
    "continual_ad_Apple": {
        "image_auroc": 0.41515976908691765,
        "pixel_ap": 0.03645473244105306,
        "normal_count": 490,
        "anomaly_count": 502
    },
    "continual_ad_Kleenex": {
        "image_auroc": 0.4106374438021837,
        "pixel_ap": 0.017524884843654463,
        "normal_count": 480,
        "anomaly_count": 519
    },
    "continual_ad_Glasses-case": {
        "image_auroc": 0.6870194038153202,
        "pixel_ap": 0.00414557014121673,
        "normal_count": 501,
        "anomaly_count": 549
    },
    "continual_ad_Toothbrush": {
        "image_auroc": 0.6246593806921676,
        "pixel_ap": 0.006293774423625967,
        "normal_count": 500,
        "anomaly_count": 549
    },
    "continual_ad_Soap": {
        "image_auroc": 0.5918801075858332,
        "pixel_ap": 0.006808779353012769,
        "normal_count": 394,
        "anomaly_count": 787
    },
    "continual_ad_Notebook": {
        "image_auroc": 0.39775993656457526,
        "pixel_ap": 0.013138477193674804,
        "normal_count": 354,
        "anomaly_count": 513
    },
    "continual_ad_Capsule": {
        "image_auroc": 0.6252025396977807,
        "pixel_ap": 0.02512622571351933,
        "normal_count": 507,
        "anomaly_count": 493
    },
    "continual_ad_Sunglasses": {
        "image_auroc": 0.6605763975503454,
        "pixel_ap": 0.023817063709371655,
        "normal_count": 499,
        "anomaly_count": 572
    },
    "continual_ad_Pencil": {
        "image_auroc": 0.7576753321434173,
        "pixel_ap": 0.0038830046947993723,
        "normal_count": 518,
        "anomaly_count": 517
    },
    "continual_ad_Food-container": {
        "image_auroc": 0.5099732578260185,
        "pixel_ap": 0.033446834159898735,
        "normal_count": 520,
        "anomaly_count": 489
    },
    "continual_ad_Chopsticks": {
        "image_auroc": 0.7527922037291954,
        "pixel_ap": 0.011777941428997869,
        "normal_count": 488,
        "anomaly_count": 524
    },
    "continual_ad_Toy": {
        "image_auroc": 0.5821734711912336,
        "pixel_ap": 0.005214675484910053,
        "normal_count": 368,
        "anomaly_count": 492
    },
    "continual_ad_Multi-pen": {
        "image_auroc": 0.8287827918765018,
        "pixel_ap": 0.0070604624454438224,
        "normal_count": 494,
        "anomaly_count": 492
    },
    "viaduct_09 joystick": {
        "image_auroc": 0.5414634146341464,
        "pixel_ap": 0.011378553463588653,
        "normal_count": 65,
        "anomaly_count": 41
    },
    "viaduct_01 shredded corn medium": {
        "image_auroc": 0.8786913229018491,
        "pixel_ap": 0.1335800386988452,
        "normal_count": 185,
        "anomaly_count": 95
    },
    "viaduct_46 damper small": {
        "image_auroc": 0.6038461538461538,
        "pixel_ap": 0.08012157438490317,
        "normal_count": 65,
        "anomaly_count": 48
    },
    "viaduct_18 raspberry": {
        "image_auroc": 0.2427170868347339,
        "pixel_ap": 0.04324328212499792,
        "normal_count": 170,
        "anomaly_count": 84
    },
    "viaduct_16 vibration sensor": {
        "image_auroc": 0.609,
        "pixel_ap": 0.004960215013677724,
        "normal_count": 50,
        "anomaly_count": 20
    },
    "viaduct_36 redon needle": {
        "image_auroc": 0.7223985890652559,
        "pixel_ap": 0.05560863354227348,
        "normal_count": 180,
        "anomaly_count": 63
    },
    "viaduct_00 shredded corn rough": {
        "image_auroc": 0.7015384615384616,
        "pixel_ap": 0.09875341952890328,
        "normal_count": 80,
        "anomaly_count": 130
    },
    "viaduct_44 tack": {
        "image_auroc": 0.4942518248175183,
        "pixel_ap": 0.04855829298176215,
        "normal_count": 160,
        "anomaly_count": 137
    },
    "viaduct_06 coaxial t-adapter": {
        "image_auroc": 0.6190476190476191,
        "pixel_ap": 0.007140998288863853,
        "normal_count": 105,
        "anomaly_count": 14
    },
    "viaduct_31 valve handle red": {
        "image_auroc": 0.5833333333333334,
        "pixel_ap": 0.0008831681393815714,
        "normal_count": 45,
        "anomaly_count": 16
    },
    "viaduct_04 battery tray": {
        "image_auroc": 0.4056410256410256,
        "pixel_ap": 0.0014632460249600881,
        "normal_count": 65,
        "anomaly_count": 30
    },
    "viaduct_29 threaded fitting": {
        "image_auroc": 0.5912186379928316,
        "pixel_ap": 0.0032049129772378704,
        "normal_count": 90,
        "anomaly_count": 62
    },
    "viaduct_03 3-pole socket housing": {
        "image_auroc": 0.46336499321573954,
        "pixel_ap": 0.043521048873061234,
        "normal_count": 110,
        "anomaly_count": 134
    },
    "viaduct_33 drill": {
        "image_auroc": 0.5932367149758454,
        "pixel_ap": 0.03969838946899217,
        "normal_count": 180,
        "anomaly_count": 138
    },
    "viaduct_15 terminal block B": {
        "image_auroc": 0.5021538461538462,
        "pixel_ap": 0.005333743146555515,
        "normal_count": 65,
        "anomaly_count": 50
    },
    "viaduct_17 cherry": {
        "image_auroc": 0.5934415584415584,
        "pixel_ap": 0.017320245994566143,
        "normal_count": 275,
        "anomaly_count": 112
    },
    "viaduct_21 cylinder screw": {
        "image_auroc": 0.7176767676767677,
        "pixel_ap": 0.009875110038952199,
        "normal_count": 180,
        "anomaly_count": 22
    },
    "viaduct_32 bone pliers": {
        "image_auroc": 0.5707421707421707,
        "pixel_ap": 0.010056029524811298,
        "normal_count": 185,
        "anomaly_count": 63
    },
    "viaduct_42 aluminium plate": {
        "image_auroc": 0.7943333333333333,
        "pixel_ap": 0.01414710439682618,
        "normal_count": 20,
        "anomaly_count": 150
    },
    "viaduct_10 PCB": {
        "image_auroc": 0.5595555555555556,
        "pixel_ap": 0.0016434479230150356,
        "normal_count": 50,
        "anomaly_count": 45
    },
    "viaduct_19 strawberry": {
        "image_auroc": 0.48253968253968255,
        "pixel_ap": 0.16521059929073084,
        "normal_count": 175,
        "anomaly_count": 135
    },
    "viaduct_37 retractor": {
        "image_auroc": 0.6555555555555556,
        "pixel_ap": 0.0883259905553613,
        "normal_count": 180,
        "anomaly_count": 65
    },
    "viaduct_25 reinforcing sleeve": {
        "image_auroc": 0.6381818181818181,
        "pixel_ap": 0.034675814833313175,
        "normal_count": 50,
        "anomaly_count": 11
    },
    "viaduct_35 pink tablet": {
        "image_auroc": 0.737,
        "pixel_ap": 0.20961380598030332,
        "normal_count": 50,
        "anomaly_count": 60
    },
    "btad_02": {
        "image_auroc": 0.6657894736842105,
        "pixel_ap": 0.24362667874091756,
        "normal_count": 30,
        "anomaly_count": 190
    },
    "mpdd_bracket_black": {
        "image_auroc": 0.40371621621621623,
        "pixel_ap": 0.000725144004933495,
        "normal_count": 32,
        "anomaly_count": 37
    },
    "mpdd_metal_plate": {
        "image_auroc": 0.5573770491803279,
        "pixel_ap": 0.48070533232398044,
        "normal_count": 26,
        "anomaly_count": 61
    },
    "mpdd_bracket_white": {
        "image_auroc": 0.415,
        "pixel_ap": 1.3458887382579477e-05,
        "normal_count": 30,
        "anomaly_count": 20
    }
}