{
    "continual_ad_Cucumber": {
        "image_auroc": 0.34868475013181793,
        "pixel_ap": 0.01068810129226289,
        "normal_count": 505,
        "anomaly_count": 507
    },
    "continual_ad_Spoon": {
        "image_auroc": 0.5616221156210659,
        "pixel_ap": 0.007675241574486573,
        "normal_count": 527,
        "anomaly_count": 517
    },
    "continual_ad_Apple": {
        "image_auroc": 0.37280266688348646,
        "pixel_ap": 0.044502892005279536,
        "normal_count": 490,
        "anomaly_count": 502
    },
    "continual_ad_Kleenex": {
        "image_auroc": 0.4661408156711625,
        "pixel_ap": 0.02068807243108162,
        "normal_count": 480,
        "anomaly_count": 519
    },
    "continual_ad_Glasses-case": {
        "image_auroc": 0.6280771789753825,
        "pixel_ap": 0.004636956842662002,
        "normal_count": 501,
        "anomaly_count": 549
    },
    "continual_ad_Toothbrush": {
        "image_auroc": 0.6500983606557378,
        "pixel_ap": 0.005059840106504772,
        "normal_count": 500,
        "anomaly_count": 549
    },
    "continual_ad_Soap": {
        "image_auroc": 0.5927960061661905,
        "pixel_ap": 0.0066398851375076,
        "normal_count": 394,
        "anomaly_count": 787
    },
    "continual_ad_Notebook": {
        "image_auroc": 0.42214292794132224,
        "pixel_ap": 0.01610462964552938,
        "normal_count": 354,
        "anomaly_count": 513
    },
    "continual_ad_Capsule": {
        "image_auroc": 0.5543126452784746,
        "pixel_ap": 0.012135748748777042,
        "normal_count": 507,
        "anomaly_count": 493
    },
    "continual_ad_Sunglasses": {
        "image_auroc": 0.5837163838165843,
        "pixel_ap": 0.02394825632585661,
        "normal_count": 499,
        "anomaly_count": 572
    },
    "continual_ad_Pencil": {
        "image_auroc": 0.6172602555581279,
        "pixel_ap": 0.003190448706466047,
        "normal_count": 518,
        "anomaly_count": 517
    },
    "continual_ad_Food-container": {
        "image_auroc": 0.5235685071574642,
        "pixel_ap": 0.029472027926082594,
        "normal_count": 520,
        "anomaly_count": 489
    },
    "continual_ad_Chopsticks": {
        "image_auroc": 0.7307556939056439,
        "pixel_ap": 0.014087575671793221,
        "normal_count": 488,
        "anomaly_count": 524
    },
    "continual_ad_Toy": {
        "image_auroc": 0.5846312743018733,
        "pixel_ap": 0.005170444992329804,
        "normal_count": 368,
        "anomaly_count": 492
    },
    "continual_ad_Multi-pen": {
        "image_auroc": 0.7977189690925248,
        "pixel_ap": 0.010394466925413143,
        "normal_count": 494,
        "anomaly_count": 492
    },
    "viaduct_09 joystick": {
        "image_auroc": 0.46116322701688556,
        "pixel_ap": 0.01229457752001409,
        "normal_count": 65,
        "anomaly_count": 41
    },
    "viaduct_01 shredded corn medium": {
        "image_auroc": 0.6895021337126599,
        "pixel_ap": 0.026750794882275372,
        "normal_count": 185,
        "anomaly_count": 95
    },
    "viaduct_46 damper small": {
        "image_auroc": 0.5698717948717948,
        "pixel_ap": 0.08224291355741785,
        "normal_count": 65,
        "anomaly_count": 48
    },
    "viaduct_18 raspberry": {
        "image_auroc": 0.4613445378151261,
        "pixel_ap": 0.05008554527741292,
        "normal_count": 170,
        "anomaly_count": 84
    },
    "viaduct_16 vibration sensor": {
        "image_auroc": 0.54,
        "pixel_ap": 0.002560259378419678,
        "normal_count": 50,
        "anomaly_count": 20
    },
    "viaduct_36 redon needle": {
        "image_auroc": 0.6109347442680775,
        "pixel_ap": 0.009832901906594286,
        "normal_count": 180,
        "anomaly_count": 63
    },
    "viaduct_00 shredded corn rough": {
        "image_auroc": 0.5660576923076923,
        "pixel_ap": 0.03368813101176782,
        "normal_count": 80,
        "anomaly_count": 130
    },
    "viaduct_44 tack": {
        "image_auroc": 0.558713503649635,
        "pixel_ap": 0.04315470066364016,
        "normal_count": 160,
        "anomaly_count": 137
    },
    "viaduct_06 coaxial t-adapter": {
        "image_auroc": 0.5673469387755101,
        "pixel_ap": 0.0042913140671810525,
        "normal_count": 105,
        "anomaly_count": 14
    },
    "viaduct_31 valve handle red": {
        "image_auroc": 0.49583333333333335,
        "pixel_ap": 0.0004557940517932699,
        "normal_count": 45,
        "anomaly_count": 16
    },
    "viaduct_04 battery tray": {
        "image_auroc": 0.4774358974358974,
        "pixel_ap": 0.002460350632795454,
        "normal_count": 65,
        "anomaly_count": 30
    },
    "viaduct_29 threaded fitting": {
        "image_auroc": 0.5797491039426523,
        "pixel_ap": 0.0029103448621133235,
        "normal_count": 90,
        "anomaly_count": 62
    },
    "viaduct_03 3-pole socket housing": {
        "image_auroc": 0.44972862957937587,
        "pixel_ap": 0.04354162500280606,
        "normal_count": 110,
        "anomaly_count": 134
    },
    "viaduct_33 drill": {
        "image_auroc": 0.5807568438003221,
        "pixel_ap": 0.029686448723658904,
        "normal_count": 180,
        "anomaly_count": 138
    },
    "viaduct_15 terminal block B": {
        "image_auroc": 0.47107692307692306,
        "pixel_ap": 0.006033662404273851,
        "normal_count": 65,
        "anomaly_count": 50
    },
    "viaduct_17 cherry": {
        "image_auroc": 0.5551948051948052,
        "pixel_ap": 0.01715453782200866,
        "normal_count": 275,
        "anomaly_count": 112
    },
    "viaduct_21 cylinder screw": {
        "image_auroc": 0.5921717171717172,
        "pixel_ap": 0.005962107716381626,
        "normal_count": 180,
        "anomaly_count": 22
    },
    "viaduct_32 bone pliers": {
        "image_auroc": 0.5396825396825397,
        "pixel_ap": 0.0016017846616612809,
        "normal_count": 185,
        "anomaly_count": 63
    },
    "viaduct_42 aluminium plate": {
        "image_auroc": 0.7156666666666667,
        "pixel_ap": 0.01133925606041913,
        "normal_count": 20,
        "anomaly_count": 150
    },
    "viaduct_10 PCB": {
        "image_auroc": 0.5271111111111111,
        "pixel_ap": 0.0017473839793136303,
        "normal_count": 50,
        "anomaly_count": 45
    },
    "viaduct_19 strawberry": {
        "image_auroc": 0.5449735449735451,
        "pixel_ap": 0.1834872168089826,
        "normal_count": 175,
        "anomaly_count": 135
    },
    "viaduct_37 retractor": {
        "image_auroc": 0.5716239316239317,
        "pixel_ap": 0.056115170150515,
        "normal_count": 180,
        "anomaly_count": 65
    },
    "viaduct_25 reinforcing sleeve": {
        "image_auroc": 0.6345454545454545,
        "pixel_ap": 0.04190364211988275,
        "normal_count": 50,
        "anomaly_count": 11
    },
    "viaduct_35 pink tablet": {
        "image_auroc": 0.6003333333333333,
        "pixel_ap": 0.16987222170526345,
        "normal_count": 50,
        "anomaly_count": 60
    },
    "btad_02": {
        "image_auroc": 0.6607017543859649,
        "pixel_ap": 0.13574027393462865,
        "normal_count": 30,
        "anomaly_count": 190
    },
    "mpdd_bracket_black": {
        "image_auroc": 0.5033783783783784,
        "pixel_ap": 0.001225575657745532,
        "normal_count": 32,
        "anomaly_count": 37
    },
    "mpdd_metal_plate": {
        "image_auroc": 0.8934426229508196,
        "pixel_ap": 0.6215965720754837,
        "normal_count": 26,
        "anomaly_count": 61
    },
    "mpdd_bracket_white": {
        "image_auroc": 0.45166666666666666,
        "pixel_ap": 1.7716992563442862e-05,
        "normal_count": 30,
        "anomaly_count": 20
    }
}