{
    "viaduct_36 redon needle": {
        "image_auroc": 0.7657848324514992,
        "pixel_ap": 0.010863921779881023,
        "normal_count": 180,
        "anomaly_count": 63
    },
    "continual_ad_Food-container": {
        "image_auroc": 0.45023202768601545,
        "pixel_ap": 0.028266650493732674,
        "normal_count": 520,
        "anomaly_count": 489
    },
    "viaduct_23 pipe clamp": {
        "image_auroc": 0.5378947368421052,
        "pixel_ap": 0.019088682320080114,
        "normal_count": 50,
        "anomaly_count": 19
    },
    "mvtec_transistor": {
        "image_auroc": 0.5138888888888888,
        "pixel_ap": 0.07554998592233653,
        "normal_count": 60,
        "anomaly_count": 30
    }
}