{
    "continual_ad_Watermelon": {
        "image_auroc": 0.6863314272989717,
        "pixel_ap": 0.09353532357603284,
        "normal_count": 497,
        "anomaly_count": 506
    },
    "viaduct_20 tea bag": {
        "image_auroc": 0.587936507936508,
        "pixel_ap": 0.01798842721539969,
        "normal_count": 140,
        "anomaly_count": 90
    },
    "viaduct_02 shredded corn fine": {
        "image_auroc": 0.6103896103896104,
        "pixel_ap": 0.022189094081709874,
        "normal_count": 110,
        "anomaly_count": 133
    },
    "viaduct_11 ring cable lug": {
        "image_auroc": 0.5173469387755101,
        "pixel_ap": 0.04060485747751074,
        "normal_count": 140,
        "anomaly_count": 56
    }
}