{
    "continual_ad_Mango": {
        "image_auroc": 0.9075910244041877,
        "pixel_ap": 0.03384832229103286,
        "normal_count": 456,
        "anomaly_count": 491
    },
    "viaduct_30 valve handle blue": {
        "image_auroc": 0.55,
        "pixel_ap": 0.0017884360119012346,
        "normal_count": 50,
        "anomaly_count": 14
    },
    "visa_pcb2": {
        "image_auroc": 0.7061111111111111,
        "pixel_ap": 0.0,
        "normal_count": 100,
        "anomaly_count": 90
    },
    "mvtec_capsule": {
        "image_auroc": 0.443126921387791,
        "pixel_ap": 0.08300840759954282,
        "normal_count": 23,
        "anomaly_count": 99
    },
    "continual_ad_Watermelon": {
        "image_auroc": 0.5990289563467763,
        "pixel_ap": 0.055259006964790316,
        "normal_count": 497,
        "anomaly_count": 506
    }
}