{
    "continual_ad_Mango": {
        "image_auroc": 0.9270330867902955,
        "pixel_ap": 0.025077795638794916,
        "normal_count": 456,
        "anomaly_count": 491
    },
    "viaduct_30 valve handle blue": {
        "image_auroc": 0.58,
        "pixel_ap": 0.001816464966827872,
        "normal_count": 50,
        "anomaly_count": 14
    },
    "visa_pcb2": {
        "image_auroc": 0.6281111111111111,
        "pixel_ap": 0.0,
        "normal_count": 100,
        "anomaly_count": 90
    },
    "mvtec_capsule": {
        "image_auroc": 0.5120772946859904,
        "pixel_ap": 0.0804215896413674,
        "normal_count": 23,
        "anomaly_count": 99
    },
    "continual_ad_Watermelon": {
        "image_auroc": 0.5719773184561917,
        "pixel_ap": 0.03824672212113381,
        "normal_count": 497,
        "anomaly_count": 506
    }
}