{
    "continual_ad_Mango": {
        "image_auroc": 0.9584137278021939,
        "pixel_ap": 0.023642962605143456,
        "normal_count": 456,
        "anomaly_count": 491
    },
    "viaduct_30 valve handle blue": {
        "image_auroc": 0.59,
        "pixel_ap": 0.0020715705460497024,
        "normal_count": 50,
        "anomaly_count": 14
    },
    "visa_pcb2": {
        "image_auroc": 0.5885555555555555,
        "pixel_ap": 0.0,
        "normal_count": 100,
        "anomaly_count": 90
    },
    "mvtec_capsule": {
        "image_auroc": 0.4576196750109794,
        "pixel_ap": 0.07656645971811867,
        "normal_count": 23,
        "anomaly_count": 99
    },
    "continual_ad_Watermelon": {
        "image_auroc": 0.6081787165681838,
        "pixel_ap": 0.05058382231208285,
        "normal_count": 497,
        "anomaly_count": 506
    }
}