{
    "continual_ad_Mango": {
        "image_auroc": 0.8991094079394004,
        "pixel_ap": 0.026648567771783552,
        "normal_count": 456,
        "anomaly_count": 491
    },
    "viaduct_30 valve handle blue": {
        "image_auroc": 0.5957142857142856,
        "pixel_ap": 0.002003750964220604,
        "normal_count": 50,
        "anomaly_count": 14
    },
    "visa_pcb2": {
        "image_auroc": 0.6183333333333334,
        "pixel_ap": 0.0,
        "normal_count": 100,
        "anomaly_count": 90
    },
    "mvtec_capsule": {
        "image_auroc": 0.530961791831357,
        "pixel_ap": 0.0930890459527461,
        "normal_count": 23,
        "anomaly_count": 99
    },
    "continual_ad_Watermelon": {
        "image_auroc": 0.5966033354275853,
        "pixel_ap": 0.03425660631258925,
        "normal_count": 497,
        "anomaly_count": 506
    }
}