{
    "continual_ad_Mango": {
        "image_auroc": 0.9244827955836639,
        "pixel_ap": 0.023966582748112652,
        "normal_count": 456,
        "anomaly_count": 491
    },
    "viaduct_30 valve handle blue": {
        "image_auroc": 0.5771428571428572,
        "pixel_ap": 0.0016131853442343084,
        "normal_count": 50,
        "anomaly_count": 14
    },
    "visa_pcb2": {
        "image_auroc": 0.607,
        "pixel_ap": 0.0,
        "normal_count": 100,
        "anomaly_count": 90
    },
    "mvtec_capsule": {
        "image_auroc": 0.41106719367588934,
        "pixel_ap": 0.06257637206918513,
        "normal_count": 23,
        "anomaly_count": 99
    },
    "continual_ad_Watermelon": {
        "image_auroc": 0.6190303878607615,
        "pixel_ap": 0.05381282326797488,
        "normal_count": 497,
        "anomaly_count": 506
    }
}