{
    "continual_ad_Mango": {
        "image_auroc": 0.9098376031729016,
        "pixel_ap": 0.03013168370761529,
        "normal_count": 456,
        "anomaly_count": 491
    },
    "viaduct_30 valve handle blue": {
        "image_auroc": 0.7171428571428571,
        "pixel_ap": 0.008259205391418787,
        "normal_count": 50,
        "anomaly_count": 14
    },
    "visa_pcb2": {
        "image_auroc": 0.6938888888888889,
        "pixel_ap": 0.0,
        "normal_count": 100,
        "anomaly_count": 90
    },
    "mvtec_capsule": {
        "image_auroc": 0.6403162055335968,
        "pixel_ap": 0.10682621679692805,
        "normal_count": 23,
        "anomaly_count": 99
    },
    "continual_ad_Watermelon": {
        "image_auroc": 0.6695628315346626,
        "pixel_ap": 0.08490775381364471,
        "normal_count": 497,
        "anomaly_count": 506
    }
}