{
    "mvtec_carpet": {
        "image_auroc": 0.5985533453887885,
        "pixel_ap": 0.22066725969943776,
        "normal_count": 28,
        "anomaly_count": 79
    },
    "continual_ad_Watermelon": {
        "image_auroc": 0.6908645549184436,
        "pixel_ap": 0.028280077581453483,
        "normal_count": 497,
        "anomaly_count": 506
    },
    "btad_02": {
        "image_auroc": 0.6980701754385965,
        "pixel_ap": 0.1235623820667269,
        "normal_count": 30,
        "anomaly_count": 190
    },
    "mpdd_bracket_black": {
        "image_auroc": 0.5701013513513514,
        "pixel_ap": 0.0037453845282014835,
        "normal_count": 32,
        "anomaly_count": 37
    },
    "visa_pcb3": {
        "image_auroc": 0.5078107810781078,
        "pixel_ap": 0.0,
        "normal_count": 101,
        "anomaly_count": 90
    },
    "continual_ad_Eraser": {
        "image_auroc": 0.16742598769040332,
        "pixel_ap": 0.013169274280968825,
        "normal_count": 458,
        "anomaly_count": 508
    },
    "viaduct_31 valve handle red": {
        "image_auroc": 0.5097222222222223,
        "pixel_ap": 0.00042205126327488876,
        "normal_count": 45,
        "anomaly_count": 16
    },
    "visa_macaroni1": {
        "image_auroc": 0.6595555555555556,
        "pixel_ap": 0.0,
        "normal_count": 100,
        "anomaly_count": 90
    }
}