{
    "viaduct_28 key": {
        "image_auroc": 0.4648148148148148,
        "pixel_ap": 0.056546671500668284,
        "normal_count": 90,
        "anomaly_count": 30
    },
    "continual_ad_Flash-drive": {
        "image_auroc": 0.5534153798521615,
        "pixel_ap": 0.029048992983177493,
        "normal_count": 522,
        "anomaly_count": 495
    },
    "btad_01": {
        "image_auroc": 0.590964590964591,
        "pixel_ap": 0.07152083083247149,
        "normal_count": 21,
        "anomaly_count": 39
    },
    "viaduct_11 ring cable lug": {
        "image_auroc": 0.4163265306122449,
        "pixel_ap": 0.01407619586038518,
        "normal_count": 140,
        "anomaly_count": 56
    },
    "viaduct_43 paperclip": {
        "image_auroc": 0.5251082251082251,
        "pixel_ap": 0.03565865677467986,
        "normal_count": 110,
        "anomaly_count": 63
    },
    "viaduct_05 cable end sleeve": {
        "image_auroc": 0.4779761904761905,
        "pixel_ap": 0.006761404488807043,
        "normal_count": 210,
        "anomaly_count": 40
    },
    "viaduct_14 terminal block A": {
        "image_auroc": 0.46704761904761904,
        "pixel_ap": 0.0037106151065893303,
        "normal_count": 105,
        "anomaly_count": 75
    },
    "continual_ad_Cup": {
        "image_auroc": 0.5327789580492754,
        "pixel_ap": 0.016769270878145528,
        "normal_count": 517,
        "anomaly_count": 488
    }
}