{
    "viaduct_28 key": {
        "image_auroc": 0.5118518518518519,
        "pixel_ap": 0.0762126443388168,
        "normal_count": 90,
        "anomaly_count": 30
    },
    "continual_ad_Flash-drive": {
        "image_auroc": 0.640287936839661,
        "pixel_ap": 0.02554367413494764,
        "normal_count": 522,
        "anomaly_count": 495
    },
    "btad_01": {
        "image_auroc": 0.5018315018315018,
        "pixel_ap": 0.07363269228544779,
        "normal_count": 21,
        "anomaly_count": 39
    },
    "viaduct_11 ring cable lug": {
        "image_auroc": 0.4872448979591837,
        "pixel_ap": 0.01448354556708486,
        "normal_count": 140,
        "anomaly_count": 56
    },
    "viaduct_43 paperclip": {
        "image_auroc": 0.5255411255411255,
        "pixel_ap": 0.03762144061925657,
        "normal_count": 110,
        "anomaly_count": 63
    },
    "viaduct_05 cable end sleeve": {
        "image_auroc": 0.3683333333333333,
        "pixel_ap": 0.00361055629966849,
        "normal_count": 210,
        "anomaly_count": 40
    },
    "viaduct_14 terminal block A": {
        "image_auroc": 0.5153015873015874,
        "pixel_ap": 0.003499821214729127,
        "normal_count": 105,
        "anomaly_count": 75
    },
    "continual_ad_Cup": {
        "image_auroc": 0.4851246155309636,
        "pixel_ap": 0.010857345394447899,
        "normal_count": 517,
        "anomaly_count": 488
    }
}