{
    "mpdd_bracket_white": {
        "image_auroc": 0.3516666666666666,
        "pixel_ap": 3.0387429982671334e-05,
        "normal_count": 30,
        "anomaly_count": 20
    },
    "viaduct_08 ethernet connector": {
        "image_auroc": 0.5653333333333334,
        "pixel_ap": 0.025555044307850508,
        "normal_count": 50,
        "anomaly_count": 30
    },
    "viaduct_24 pan screw": {
        "image_auroc": 0.4636923076923077,
        "pixel_ap": 0.004151742972192293,
        "normal_count": 130,
        "anomaly_count": 100
    },
    "viaduct_25 reinforcing sleeve": {
        "image_auroc": 0.530909090909091,
        "pixel_ap": 0.011517597780261134,
        "normal_count": 50,
        "anomaly_count": 11
    }
}