{
    "mpdd_bracket_white": {
        "image_auroc": 0.5549999999999999,
        "pixel_ap": 3.554868132399481e-05,
        "normal_count": 30,
        "anomaly_count": 20
    },
    "viaduct_08 ethernet connector": {
        "image_auroc": 0.5753333333333334,
        "pixel_ap": 0.027823631655682697,
        "normal_count": 50,
        "anomaly_count": 30
    },
    "viaduct_24 pan screw": {
        "image_auroc": 0.36976923076923074,
        "pixel_ap": 0.004341868132068271,
        "normal_count": 130,
        "anomaly_count": 100
    },
    "viaduct_25 reinforcing sleeve": {
        "image_auroc": 0.6163636363636363,
        "pixel_ap": 0.009393058853493591,
        "normal_count": 50,
        "anomaly_count": 11
    }
}