{
    "mpdd_bracket_white": {
        "image_auroc": 0.5933333333333333,
        "pixel_ap": 1.1142978591541252e-05,
        "normal_count": 30,
        "anomaly_count": 20
    },
    "viaduct_08 ethernet connector": {
        "image_auroc": 0.5246666666666666,
        "pixel_ap": 0.027853724898244316,
        "normal_count": 50,
        "anomaly_count": 30
    },
    "viaduct_24 pan screw": {
        "image_auroc": 0.6013846153846154,
        "pixel_ap": 0.005089292276408716,
        "normal_count": 130,
        "anomaly_count": 100
    },
    "viaduct_25 reinforcing sleeve": {
        "image_auroc": 0.4636363636363636,
        "pixel_ap": 0.008247562933329226,
        "normal_count": 50,
        "anomaly_count": 11
    }
}