{
    "mpdd_bracket_white": {
        "image_auroc": 0.5800000000000001,
        "pixel_ap": 1.5145282499446053e-05,
        "normal_count": 30,
        "anomaly_count": 20
    },
    "viaduct_08 ethernet connector": {
        "image_auroc": 0.6113333333333333,
        "pixel_ap": 0.026380490190344337,
        "normal_count": 50,
        "anomaly_count": 30
    },
    "viaduct_24 pan screw": {
        "image_auroc": 0.5657692307692307,
        "pixel_ap": 0.0045756744268421095,
        "normal_count": 130,
        "anomaly_count": 100
    },
    "viaduct_25 reinforcing sleeve": {
        "image_auroc": 0.5327272727272727,
        "pixel_ap": 0.01549588646025103,
        "normal_count": 50,
        "anomaly_count": 11
    }
}