{
    "mpdd_bracket_white": {
        "image_auroc": 0.6216666666666666,
        "pixel_ap": 1.161785316315913e-05,
        "normal_count": 30,
        "anomaly_count": 20
    },
    "viaduct_08 ethernet connector": {
        "image_auroc": 0.5913333333333334,
        "pixel_ap": 0.023097059963557234,
        "normal_count": 50,
        "anomaly_count": 30
    },
    "viaduct_24 pan screw": {
        "image_auroc": 0.4633846153846154,
        "pixel_ap": 0.004065548154407586,
        "normal_count": 130,
        "anomaly_count": 100
    },
    "viaduct_25 reinforcing sleeve": {
        "image_auroc": 0.4381818181818181,
        "pixel_ap": 0.009353136459246682,
        "normal_count": 50,
        "anomaly_count": 11
    }
}