{
    "mpdd_bracket_white": {
        "image_auroc": 0.3416666666666667,
        "pixel_ap": 1.600542141485394e-05,
        "normal_count": 30,
        "anomaly_count": 20
    },
    "viaduct_08 ethernet connector": {
        "image_auroc": 0.5646666666666667,
        "pixel_ap": 0.020313149642526653,
        "normal_count": 50,
        "anomaly_count": 30
    },
    "viaduct_24 pan screw": {
        "image_auroc": 0.4172307692307692,
        "pixel_ap": 0.0027712253560272164,
        "normal_count": 130,
        "anomaly_count": 100
    },
    "viaduct_25 reinforcing sleeve": {
        "image_auroc": 0.48545454545454547,
        "pixel_ap": 0.0031852554255670565,
        "normal_count": 50,
        "anomaly_count": 11
    }
}