{
    "viaduct_38 round pill": {
        "image_auroc": 0.7290243902439024,
        "pixel_ap": 0.14397579062634774,
        "normal_count": 50,
        "anomaly_count": 82
    },
    "viaduct_32 bone pliers": {
        "image_auroc": 0.6872586872586872,
        "pixel_ap": 0.023960945219401446,
        "normal_count": 185,
        "anomaly_count": 63
    },
    "viaduct_25 reinforcing sleeve": {
        "image_auroc": 0.3981818181818182,
        "pixel_ap": 0.007819657689704704,
        "normal_count": 50,
        "anomaly_count": 11
    }
}