{
    "viaduct_38 round pill": {
        "image_auroc": 0.6865853658536586,
        "pixel_ap": 0.22897862930614543,
        "normal_count": 50,
        "anomaly_count": 82
    },
    "viaduct_32 bone pliers": {
        "image_auroc": 0.6371514371514372,
        "pixel_ap": 0.0659384080747657,
        "normal_count": 185,
        "anomaly_count": 63
    },
    "viaduct_25 reinforcing sleeve": {
        "image_auroc": 0.52,
        "pixel_ap": 0.009478027254817471,
        "normal_count": 50,
        "anomaly_count": 11
    }
}