{
    "viaduct_38 round pill": {
        "image_auroc": 0.6904878048780487,
        "pixel_ap": 0.1557492199412696,
        "normal_count": 50,
        "anomaly_count": 82
    },
    "viaduct_32 bone pliers": {
        "image_auroc": 0.5605319605319605,
        "pixel_ap": 0.0034812937592900986,
        "normal_count": 185,
        "anomaly_count": 63
    },
    "viaduct_25 reinforcing sleeve": {
        "image_auroc": 0.6345454545454545,
        "pixel_ap": 0.010416583621245088,
        "normal_count": 50,
        "anomaly_count": 11
    }
}