{
    "viaduct_38 round pill": {
        "image_auroc": 0.7790243902439025,
        "pixel_ap": 0.09600633549452135,
        "normal_count": 50,
        "anomaly_count": 82
    },
    "viaduct_32 bone pliers": {
        "image_auroc": 0.7320463320463321,
        "pixel_ap": 0.16662698344512467,
        "normal_count": 185,
        "anomaly_count": 63
    },
    "viaduct_25 reinforcing sleeve": {
        "image_auroc": 0.62,
        "pixel_ap": 0.09637513721201471,
        "normal_count": 50,
        "anomaly_count": 11
    }
}