{
    "continual_ad_Mouse": {
        "image_auroc": 0.8564288924056815,
        "pixel_ap": 0.21701350181166915,
        "normal_count": 517,
        "anomaly_count": 495
    },
    "viaduct_22 device box": {
        "image_auroc": 0.5172222222222222,
        "pixel_ap": 0.00018614290826248866,
        "normal_count": 50,
        "anomaly_count": 36
    },
    "viaduct_13 socket housing": {
        "image_auroc": 0.4739644970414202,
        "pixel_ap": 0.014506273989930147,
        "normal_count": 65,
        "anomaly_count": 52
    }
}