{
    "continual_ad_Mouse": {
        "image_auroc": 0.8348553230564835,
        "pixel_ap": 0.23022823976527224,
        "normal_count": 517,
        "anomaly_count": 495
    },
    "viaduct_22 device box": {
        "image_auroc": 0.4916666666666667,
        "pixel_ap": 0.00016892734534773053,
        "normal_count": 50,
        "anomaly_count": 36
    },
    "viaduct_13 socket housing": {
        "image_auroc": 0.45650887573964494,
        "pixel_ap": 0.01378676951354288,
        "normal_count": 65,
        "anomaly_count": 52
    }
}