{
    "continual_ad_Mouse": {
        "image_auroc": 0.876763769220249,
        "pixel_ap": 0.18169253667393023,
        "normal_count": 517,
        "anomaly_count": 495
    },
    "viaduct_22 device box": {
        "image_auroc": 0.5438888888888889,
        "pixel_ap": 0.00015644823275115036,
        "normal_count": 50,
        "anomaly_count": 36
    },
    "viaduct_13 socket housing": {
        "image_auroc": 0.40621301775147933,
        "pixel_ap": 0.01300381556881662,
        "normal_count": 65,
        "anomaly_count": 52
    }
}