{
    "continual_ad_Mouse": {
        "image_auroc": 0.8051110720356367,
        "pixel_ap": 0.14884857015146322,
        "normal_count": 517,
        "anomaly_count": 495
    },
    "viaduct_22 device box": {
        "image_auroc": 0.5277777777777778,
        "pixel_ap": 0.00023467878168171455,
        "normal_count": 50,
        "anomaly_count": 36
    },
    "viaduct_13 socket housing": {
        "image_auroc": 0.5171597633136094,
        "pixel_ap": 0.01873929832734949,
        "normal_count": 65,
        "anomaly_count": 52
    }
}