{
    "continual_ad_Mouse": {
        "image_auroc": 0.8094953402496923,
        "pixel_ap": 0.24240555773384048,
        "normal_count": 517,
        "anomaly_count": 495
    },
    "viaduct_22 device box": {
        "image_auroc": 0.44166666666666665,
        "pixel_ap": 0.00018103024549962317,
        "normal_count": 50,
        "anomaly_count": 36
    },
    "viaduct_13 socket housing": {
        "image_auroc": 0.46153846153846145,
        "pixel_ap": 0.013564996109818464,
        "normal_count": 65,
        "anomaly_count": 52
    }
}