{
    "continual_ad_Mouse": {
        "image_auroc": 0.782935740382549,
        "pixel_ap": 0.15258704524010286,
        "normal_count": 517,
        "anomaly_count": 495
    },
    "viaduct_22 device box": {
        "image_auroc": 0.5283333333333333,
        "pixel_ap": 0.00020513501208381326,
        "normal_count": 50,
        "anomaly_count": 36
    },
    "viaduct_13 socket housing": {
        "image_auroc": 0.48254437869822486,
        "pixel_ap": 0.012876072027360397,
        "normal_count": 65,
        "anomaly_count": 52
    }
}