{
    "continual_ad_Mouse": {
        "image_auroc": 0.8430572651075553,
        "pixel_ap": 0.21015283759383804,
        "normal_count": 517,
        "anomaly_count": 495
    },
    "viaduct_22 device box": {
        "image_auroc": 0.4866666666666667,
        "pixel_ap": 0.00017545900000026787,
        "normal_count": 50,
        "anomaly_count": 36
    },
    "viaduct_13 socket housing": {
        "image_auroc": 0.4062130177514793,
        "pixel_ap": 0.013354750697055323,
        "normal_count": 65,
        "anomaly_count": 52
    }
}