{
    "continual_ad_Mouse": {
        "image_auroc": 0.9244397553875311,
        "pixel_ap": 0.18409274462573383,
        "normal_count": 517,
        "anomaly_count": 495
    },
    "viaduct_22 device box": {
        "image_auroc": 0.6605555555555556,
        "pixel_ap": 0.00019310343042196621,
        "normal_count": 50,
        "anomaly_count": 36
    },
    "viaduct_13 socket housing": {
        "image_auroc": 0.5485207100591716,
        "pixel_ap": 0.029025807727628583,
        "normal_count": 65,
        "anomaly_count": 52
    }
}