{
    "continual_ad_Mouse": {
        "image_auroc": 0.8434988179669032,
        "pixel_ap": 0.1909745336969459,
        "normal_count": 517,
        "anomaly_count": 495
    },
    "viaduct_22 device box": {
        "image_auroc": 0.5377777777777778,
        "pixel_ap": 0.0001975156512498352,
        "normal_count": 50,
        "anomaly_count": 36
    },
    "viaduct_13 socket housing": {
        "image_auroc": 0.45710059171597633,
        "pixel_ap": 0.015217604153508575,
        "normal_count": 65,
        "anomaly_count": 52
    }
}