{
    "continual_ad_Mouse": {
        "image_auroc": 0.8327491549928687,
        "pixel_ap": 0.18971648731338409,
        "normal_count": 517,
        "anomaly_count": 495
    },
    "viaduct_22 device box": {
        "image_auroc": 0.5,
        "pixel_ap": 0.00014017685508798622,
        "normal_count": 50,
        "anomaly_count": 36
    },
    "viaduct_13 socket housing": {
        "image_auroc": 0.42958579881656805,
        "pixel_ap": 0.009705302672096584,
        "normal_count": 65,
        "anomaly_count": 52
    }
}