{
    "viaduct_43 paperclip": {
        "image_auroc": 0.6888888888888889,
        "pixel_ap": 0.08033314672581122,
        "normal_count": 110,
        "anomaly_count": 63
    }
}