{
    "continual_ad_Cup": {
        "image_auroc": 0.46067317753749565,
        "pixel_ap": 0.009776883646895152,
        "normal_count": 517,
        "anomaly_count": 488
    },
    "viaduct_41 white tablet": {
        "image_auroc": 0.48979999999999996,
        "pixel_ap": 0.12915374277812902,
        "normal_count": 50,
        "anomaly_count": 100
    },
    "btad_01": {
        "image_auroc": 0.40659340659340665,
        "pixel_ap": 0.07622809480570567,
        "normal_count": 21,
        "anomaly_count": 39
    }
}