{
    "continual_ad_Cup": {
        "image_auroc": 0.556616038304214,
        "pixel_ap": 0.008823940880886772,
        "normal_count": 517,
        "anomaly_count": 488
    },
    "viaduct_41 white tablet": {
        "image_auroc": 0.5808,
        "pixel_ap": 0.072639470038479,
        "normal_count": 50,
        "anomaly_count": 100
    },
    "btad_01": {
        "image_auroc": 0.901098901098901,
        "pixel_ap": 0.2870035159991585,
        "normal_count": 21,
        "anomaly_count": 39
    }
}