{
    "viaduct_35 pink tablet": {
        "image_auroc": 0.8400000000000001,
        "pixel_ap": 0.2941298566665884,
        "normal_count": 50,
        "anomaly_count": 60
    },
    "continual_ad_Cup": {
        "image_auroc": 0.5073960744522307,
        "pixel_ap": 0.009067982012778341,
        "normal_count": 517,
        "anomaly_count": 488
    },
    "viaduct_23 pipe clamp": {
        "image_auroc": 0.5842105263157895,
        "pixel_ap": 0.023348645318743217,
        "normal_count": 50,
        "anomaly_count": 19
    },
    "visa_pcb2": {
        "image_auroc": 0.673,
        "pixel_ap": 0.0,
        "normal_count": 100,
        "anomaly_count": 90
    },
    "continual_ad_Food-container": {
        "image_auroc": 0.4363929526506214,
        "pixel_ap": 0.02698384765220168,
        "normal_count": 520,
        "anomaly_count": 489
    },
    "visa_capsules": {
        "image_auroc": 0.4625925925925926,
        "pixel_ap": 0.0,
        "normal_count": 60,
        "anomaly_count": 90
    },
    "viaduct_11 ring cable lug": {
        "image_auroc": 0.5280612244897959,
        "pixel_ap": 0.03425111705101996,
        "normal_count": 140,
        "anomaly_count": 56
    },
    "viaduct_00 shredded corn rough": {
        "image_auroc": 0.7444230769230769,
        "pixel_ap": 0.07767341653635033,
        "normal_count": 80,
        "anomaly_count": 130
    }
}