{
    "viaduct_12 rotary encoder": {
        "image_auroc": 0.47157894736842104,
        "pixel_ap": 0.005402237672522677,
        "normal_count": 50,
        "anomaly_count": 19
    },
    "continual_ad_Ruler": {
        "image_auroc": 0.8582700950416267,
        "pixel_ap": 0.00315288995476166,
        "normal_count": 277,
        "anomaly_count": 490
    },
    "continual_ad_Flash-drive": {
        "image_auroc": 0.6120089786756453,
        "pixel_ap": 0.03164498294117528,
        "normal_count": 522,
        "anomaly_count": 495
    },
    "btad_03": {
        "image_auroc": 0.4471774193548387,
        "pixel_ap": 0.0037907976119691705,
        "normal_count": 400,
        "anomaly_count": 31
    }
}