{
    "viaduct_12 rotary encoder": {
        "image_auroc": 0.5389473684210526,
        "pixel_ap": 0.004700257555930244,
        "normal_count": 50,
        "anomaly_count": 19
    },
    "continual_ad_Ruler": {
        "image_auroc": 0.7893391291534664,
        "pixel_ap": 0.002693123190947741,
        "normal_count": 277,
        "anomaly_count": 490
    },
    "continual_ad_Flash-drive": {
        "image_auroc": 0.6086613259027053,
        "pixel_ap": 0.029878814700387647,
        "normal_count": 522,
        "anomaly_count": 495
    },
    "btad_03": {
        "image_auroc": 0.6904032258064516,
        "pixel_ap": 0.005841554482741218,
        "normal_count": 400,
        "anomaly_count": 31
    }
}