{
    "continual_ad_Toothpaste": {
        "image_auroc": 0.2956805234447013,
        "pixel_ap": 0.008735330238410112,
        "normal_count": 513,
        "anomaly_count": 516
    },
    "viaduct_27 L-fitting": {
        "image_auroc": 0.43999999999999995,
        "pixel_ap": 0.004841709187495555,
        "normal_count": 50,
        "anomaly_count": 16
    },
    "viaduct_24 pan screw": {
        "image_auroc": 0.6365384615384615,
        "pixel_ap": 0.00407025772707007,
        "normal_count": 130,
        "anomaly_count": 100
    },
    "viaduct_07 d-sub connector": {
        "image_auroc": 0.5018796992481203,
        "pixel_ap": 0.001420875024582993,
        "normal_count": 140,
        "anomaly_count": 38
    }
}