{
    "continual_ad_Energy-bar": {
        "image_auroc": 0.5569656456442984,
        "pixel_ap": 0.10088094423546777,
        "normal_count": 329,
        "anomaly_count": 542
    },
    "continual_ad_Apple": {
        "image_auroc": 0.3310147166436296,
        "pixel_ap": 0.033357971526843506,
        "normal_count": 490,
        "anomaly_count": 502
    },
    "continual_ad_Kleenex": {
        "image_auroc": 0.3918111753371869,
        "pixel_ap": 0.02250401313061595,
        "normal_count": 480,
        "anomaly_count": 519
    },
    "continual_ad_Ruler": {
        "image_auroc": 0.7580490680026524,
        "pixel_ap": 0.00406642656701875,
        "normal_count": 277,
        "anomaly_count": 490
    },
    "continual_ad_Toothpaste": {
        "image_auroc": 0.44188690934916963,
        "pixel_ap": 0.008414296867072455,
        "normal_count": 513,
        "anomaly_count": 516
    },
    "continual_ad_Sunglasses": {
        "image_auroc": 0.6026213265692223,
        "pixel_ap": 0.022841299064763867,
        "normal_count": 499,
        "anomaly_count": 572
    },
    "continual_ad_Capsule": {
        "image_auroc": 0.6162647878984282,
        "pixel_ap": 0.057194006228691696,
        "normal_count": 507,
        "anomaly_count": 493
    },
    "continual_ad_Flash-drive": {
        "image_auroc": 0.7116877588141955,
        "pixel_ap": 0.04241773979371827,
        "normal_count": 522,
        "anomaly_count": 495
    },
    "continual_ad_Band-aid": {
        "image_auroc": 0.8338826867967845,
        "pixel_ap": 0.0062312360310907014,
        "normal_count": 511,
        "anomaly_count": 491
    },
    "continual_ad_Cucumber": {
        "image_auroc": 0.3743082000507743,
        "pixel_ap": 0.011062748126479659,
        "normal_count": 505,
        "anomaly_count": 507
    },
    "continual_ad_Toothbrush": {
        "image_auroc": 0.7074535519125683,
        "pixel_ap": 0.005480688140554033,
        "normal_count": 500,
        "anomaly_count": 549
    },
    "continual_ad_Soap": {
        "image_auroc": 0.6308993221060507,
        "pixel_ap": 0.013588064606450298,
        "normal_count": 394,
        "anomaly_count": 787
    },
    "continual_ad_Dollar": {
        "image_auroc": 0.7121959679840957,
        "pixel_ap": 0.0221646490715108,
        "normal_count": 391,
        "anomaly_count": 494
    },
    "continual_ad_Pencil": {
        "image_auroc": 0.7086585065308468,
        "pixel_ap": 0.0035232563127593057,
        "normal_count": 518,
        "anomaly_count": 517
    },
    "continual_ad_Fork": {
        "image_auroc": 0.5711803833849386,
        "pixel_ap": 0.009528374976223645,
        "normal_count": 537,
        "anomaly_count": 507
    },
    "continual_ad_Toy": {
        "image_auroc": 0.6165882378932485,
        "pixel_ap": 0.007292216084360123,
        "normal_count": 368,
        "anomaly_count": 492
    },
    "continual_ad_Multi-pen": {
        "image_auroc": 0.7202692472268852,
        "pixel_ap": 0.007271538488020284,
        "normal_count": 494,
        "anomaly_count": 492
    },
    "continual_ad_Chopsticks": {
        "image_auroc": 0.8322292266299587,
        "pixel_ap": 0.014536098057658068,
        "normal_count": 488,
        "anomaly_count": 524
    },
    "mvtec_leather": {
        "image_auroc": 0.7496189024390245,
        "pixel_ap": 0.2532615621297147,
        "normal_count": 32,
        "anomaly_count": 82
    },
    "mvtec_hazelnut": {
        "image_auroc": 0.7966666666666666,
        "pixel_ap": 0.21147110144617381,
        "normal_count": 40,
        "anomaly_count": 60
    },
    "mvtec_pill": {
        "image_auroc": 0.6726365237815619,
        "pixel_ap": 0.14157987051021198,
        "normal_count": 26,
        "anomaly_count": 131
    },
    "mvtec_wood": {
        "image_auroc": 0.96,
        "pixel_ap": 0.3502317057500519,
        "normal_count": 19,
        "anomaly_count": 50
    },
    "mvtec_screw": {
        "image_auroc": 0.5746251957932423,
        "pixel_ap": 0.022500018160112583,
        "normal_count": 41,
        "anomaly_count": 109
    },
    "mvtec_zipper": {
        "image_auroc": 0.4979931192660551,
        "pixel_ap": 0.17837954780649007,
        "normal_count": 32,
        "anomaly_count": 109
    },
    "mvtec_grid": {
        "image_auroc": 0.6352583586626139,
        "pixel_ap": 0.003963858892662086,
        "normal_count": 21,
        "anomaly_count": 47
    },
    "mvtec_metal_nut": {
        "image_auroc": 0.3570646221248631,
        "pixel_ap": 0.2077528902118178,
        "normal_count": 22,
        "anomaly_count": 83
    },
    "mvtec_bottle": {
        "image_auroc": 0.6056603773584905,
        "pixel_ap": 0.13748381909516055,
        "normal_count": 20,
        "anomaly_count": 53
    },
    "visa_pcb4": {
        "image_auroc": 0.3711771177117712,
        "pixel_ap": 0.0,
        "normal_count": 101,
        "anomaly_count": 90
    },
    "visa_candle": {
        "image_auroc": 0.4063333333333333,
        "pixel_ap": 0.0,
        "normal_count": 100,
        "anomaly_count": 90
    },
    "visa_pipe_fryum": {
        "image_auroc": 0.6244444444444445,
        "pixel_ap": 0.0,
        "normal_count": 50,
        "anomaly_count": 90
    },
    "visa_cashew": {
        "image_auroc": 0.8091111111111111,
        "pixel_ap": 0.0,
        "normal_count": 50,
        "anomaly_count": 90
    },
    "visa_chewinggum": {
        "image_auroc": 0.6075555555555556,
        "pixel_ap": 0.0,
        "normal_count": 50,
        "anomaly_count": 90
    },
    "visa_pcb1": {
        "image_auroc": 0.722111111111111,
        "pixel_ap": 0.0,
        "normal_count": 100,
        "anomaly_count": 90
    },
    "visa_macaroni2": {
        "image_auroc": 0.5646666666666665,
        "pixel_ap": 0.0,
        "normal_count": 100,
        "anomaly_count": 90
    },
    "viaduct_10 PCB": {
        "image_auroc": 0.47688888888888886,
        "pixel_ap": 0.0023156317408820027,
        "normal_count": 50,
        "anomaly_count": 45
    },
    "viaduct_43 paperclip": {
        "image_auroc": 0.4336219336219336,
        "pixel_ap": 0.031269847520715016,
        "normal_count": 110,
        "anomaly_count": 63
    },
    "viaduct_37 retractor": {
        "image_auroc": 0.5782051282051283,
        "pixel_ap": 0.024159070730829346,
        "normal_count": 180,
        "anomaly_count": 65
    },
    "viaduct_44 tack": {
        "image_auroc": 0.5507299270072993,
        "pixel_ap": 0.040604948475255566,
        "normal_count": 160,
        "anomaly_count": 137
    },
    "viaduct_39 self-tapping bolt": {
        "image_auroc": 0.4593877551020408,
        "pixel_ap": 0.08666883063607239,
        "normal_count": 140,
        "anomaly_count": 140
    },
    "viaduct_12 rotary encoder": {
        "image_auroc": 0.4336842105263158,
        "pixel_ap": 0.003734835705315971,
        "normal_count": 50,
        "anomaly_count": 19
    },
    "viaduct_06 coaxial t-adapter": {
        "image_auroc": 0.45782312925170066,
        "pixel_ap": 0.0110826500536006,
        "normal_count": 105,
        "anomaly_count": 14
    },
    "viaduct_19 strawberry": {
        "image_auroc": 0.49286772486772484,
        "pixel_ap": 0.16033338599145133,
        "normal_count": 175,
        "anomaly_count": 135
    },
    "viaduct_15 terminal block B": {
        "image_auroc": 0.4766153846153846,
        "pixel_ap": 0.004520234034543744,
        "normal_count": 65,
        "anomaly_count": 50
    },
    "viaduct_28 key": {
        "image_auroc": 0.40333333333333327,
        "pixel_ap": 0.07791305597028787,
        "normal_count": 90,
        "anomaly_count": 30
    },
    "viaduct_02 shredded corn fine": {
        "image_auroc": 0.7415584415584416,
        "pixel_ap": 0.04585062637747339,
        "normal_count": 110,
        "anomaly_count": 133
    },
    "viaduct_20 tea bag": {
        "image_auroc": 0.5882539682539683,
        "pixel_ap": 0.049579251692477844,
        "normal_count": 140,
        "anomaly_count": 90
    },