{
    "continual_ad_Egg": {
        "image_auroc": 0.8383716565859181,
        "pixel_ap": 0.1090300127359729,
        "normal_count": 662,
        "anomaly_count": 491
    },
    "viaduct_04 battery tray": {
        "image_auroc": 0.501025641025641,
        "pixel_ap": 0.0016032334938664112,
        "normal_count": 65,
        "anomaly_count": 30
    },
    "continual_ad_Eraser": {
        "image_auroc": 0.18335023897122033,
        "pixel_ap": 0.008613672895880354,
        "normal_count": 458,
        "anomaly_count": 508
    },
    "viaduct_34 oblong pill": {
        "image_auroc": 0.5316526610644258,
        "pixel_ap": 0.0700252932363958,
        "normal_count": 105,
        "anomaly_count": 136
    }
}