{
    "continual_ad_Fork": {
        "image_auroc": 0.5885829302245289,
        "pixel_ap": 0.010092382879678395,
        "normal_count": 537,
        "anomaly_count": 507
    },
    "viaduct_30 valve handle blue": {
        "image_auroc": 0.58,
        "pixel_ap": 0.0020223585201789465,
        "normal_count": 50,
        "anomaly_count": 14
    },
    "viaduct_26 hose screw fitting": {
        "image_auroc": 0.5326315789473683,
        "pixel_ap": 0.015496322005398648,
        "normal_count": 50,
        "anomaly_count": 19
    }
}