{
    "viaduct_14 terminal block A": {
        "image_auroc": 0.46641269841269845,
        "pixel_ap": 0.00396449887327599,
        "normal_count": 105,
        "anomaly_count": 75
    },
    "continual_ad_Mouse": {
        "image_auroc": 0.850137741046832,
        "pixel_ap": 0.18842602396459066,
        "normal_count": 517,
        "anomaly_count": 495
    },
    "viaduct_00 shredded corn rough": {
        "image_auroc": 0.6866346153846155,
        "pixel_ap": 0.05116548057236867,
        "normal_count": 80,
        "anomaly_count": 130
    },
    "mpdd_bracket_black": {
        "image_auroc": 0.43327702702702703,
        "pixel_ap": 0.0007529550604830327,
        "normal_count": 32,
        "anomaly_count": 37
    }
}