{
    "viaduct_14 terminal block A": {
        "image_auroc": 0.49333333333333335,
        "pixel_ap": 0.0049372426507784594,
        "normal_count": 105,
        "anomaly_count": 75
    },
    "continual_ad_Mouse": {
        "image_auroc": 0.843662934958873,
        "pixel_ap": 0.18781263393290965,
        "normal_count": 517,
        "anomaly_count": 495
    },
    "viaduct_00 shredded corn rough": {
        "image_auroc": 0.7642307692307693,
        "pixel_ap": 0.1103976994592631,
        "normal_count": 80,
        "anomaly_count": 130
    },
    "mpdd_bracket_black": {
        "image_auroc": 0.5641891891891891,
        "pixel_ap": 0.0024813271489111132,
        "normal_count": 32,
        "anomaly_count": 37
    }
}