{
    "viaduct_14 terminal block A": {
        "image_auroc": 0.5127619047619048,
        "pixel_ap": 0.005295893781902852,
        "normal_count": 105,
        "anomaly_count": 75
    },
    "continual_ad_Mouse": {
        "image_auroc": 0.826653381005412,
        "pixel_ap": 0.22761278215085567,
        "normal_count": 517,
        "anomaly_count": 495
    },
    "viaduct_00 shredded corn rough": {
        "image_auroc": 0.7033653846153844,
        "pixel_ap": 0.04266560526271297,
        "normal_count": 80,
        "anomaly_count": 130
    },
    "mpdd_bracket_black": {
        "image_auroc": 0.6342905405405406,
        "pixel_ap": 0.0015778985804351436,
        "normal_count": 32,
        "anomaly_count": 37
    }
}