{
    "viaduct_30 valve handle blue": {
        "image_auroc": 0.5771428571428572,
        "pixel_ap": 0.0006879553860800301,
        "normal_count": 50,
        "anomaly_count": 14
    },
    "viaduct_08 ethernet connector": {
        "image_auroc": 0.5366666666666666,
        "pixel_ap": 0.03770765747281191,
        "normal_count": 50,
        "anomaly_count": 30
    },
    "viaduct_43 paperclip": {
        "image_auroc": 0.5984126984126984,
        "pixel_ap": 0.04834639849909922,
        "normal_count": 110,
        "anomaly_count": 63
    },
    "btad_01": {
        "image_auroc": 0.6141636141636142,
        "pixel_ap": 0.1641657113561733,
        "normal_count": 21,
        "anomaly_count": 39
    }
}