{
    "viaduct_46 damper small": {
        "image_auroc": 0.6650641025641026,
        "pixel_ap": 0.07729508279596242,
        "normal_count": 65,
        "anomaly_count": 48
    },
    "viaduct_36 redon needle": {
        "image_auroc": 0.6249559082892416,
        "pixel_ap": 0.010929456370702329,
        "normal_count": 180,
        "anomaly_count": 63
    },
    "viaduct_13 socket housing": {
        "image_auroc": 0.4949704142011835,
        "pixel_ap": 0.022347994482425134,
        "normal_count": 65,
        "anomaly_count": 52
    },
    "viaduct_04 battery tray": {
        "image_auroc": 0.5379487179487179,
        "pixel_ap": 0.0016190747170242606,
        "normal_count": 65,
        "anomaly_count": 30
    },
    "viaduct_15 terminal block B": {
        "image_auroc": 0.4938461538461538,
        "pixel_ap": 0.005957295866633075,
        "normal_count": 65,
        "anomaly_count": 50
    },
    "viaduct_37 retractor": {
        "image_auroc": 0.6181196581196581,
        "pixel_ap": 0.05831616049524818,
        "normal_count": 180,
        "anomaly_count": 65
    },
    "viaduct_02 shredded corn fine": {
        "image_auroc": 0.7718386876281613,
        "pixel_ap": 0.08418105048013493,
        "normal_count": 110,
        "anomaly_count": 133
    },
    "viaduct_26 hose screw fitting": {
        "image_auroc": 0.5557894736842105,
        "pixel_ap": 0.019162609184979033,
        "normal_count": 50,
        "anomaly_count": 19
    },
    "viaduct_29 threaded fitting": {
        "image_auroc": 0.5012544802867384,
        "pixel_ap": 0.002847267437401575,
        "normal_count": 90,
        "anomaly_count": 62
    },
    "viaduct_23 pipe clamp": {
        "image_auroc": 0.34947368421052627,
        "pixel_ap": 0.02371049490388792,
        "normal_count": 50,
        "anomaly_count": 19
    },
    "viaduct_18 raspberry": {
        "image_auroc": 0.30112044817927175,
        "pixel_ap": 0.05071279482503185,
        "normal_count": 170,
        "anomaly_count": 84
    },
    "viaduct_33 drill": {
        "image_auroc": 0.5519323671497585,
        "pixel_ap": 0.03344010987586694,
        "normal_count": 180,
        "anomaly_count": 138
    },
    "viaduct_09 joystick": {
        "image_auroc": 0.4833020637898687,
        "pixel_ap": 0.012147514556197456,
        "normal_count": 65,
        "anomaly_count": 41
    },
    "viaduct_03 3-pole socket housing": {
        "image_auroc": 0.4871777476255088,
        "pixel_ap": 0.0475914926726925,
        "normal_count": 110,
        "anomaly_count": 134
    },
    "viaduct_34 oblong pill": {
        "image_auroc": 0.555672268907563,
        "pixel_ap": 0.05222523038867976,
        "normal_count": 105,
        "anomaly_count": 136
    },
    "viaduct_10 PCB": {
        "image_auroc": 0.5875555555555555,
        "pixel_ap": 0.0013717442049562063,
        "normal_count": 50,
        "anomaly_count": 45
    },
    "viaduct_40 surgical mask": {
        "image_auroc": 0.5500580720092916,
        "pixel_ap": 0.00021553373942237116,
        "normal_count": 105,
        "anomaly_count": 123
    },
    "viaduct_05 cable end sleeve": {
        "image_auroc": 0.4446428571428571,
        "pixel_ap": 0.006219411579209247,
        "normal_count": 210,
        "anomaly_count": 40
    },
    "viaduct_12 rotary encoder": {
        "image_auroc": 0.5357894736842106,
        "pixel_ap": 0.007304544914838749,
        "normal_count": 50,
        "anomaly_count": 19
    },
    "viaduct_42 aluminium plate": {
        "image_auroc": 0.6026666666666667,
        "pixel_ap": 0.020555285946832157,
        "normal_count": 20,
        "anomaly_count": 150
    },
    "viaduct_45 damper large": {
        "image_auroc": 0.6726923076923077,
        "pixel_ap": 0.12731105263597947,
        "normal_count": 65,
        "anomaly_count": 40
    },
    "viaduct_00 shredded corn rough": {
        "image_auroc": 0.7596153846153846,
        "pixel_ap": 0.09111297572001802,
        "normal_count": 80,
        "anomaly_count": 130
    },
    "viaduct_19 strawberry": {
        "image_auroc": 0.5249100529100529,
        "pixel_ap": 0.16198043277794255,
        "normal_count": 175,
        "anomaly_count": 135
    },
    "viaduct_14 terminal block A": {
        "image_auroc": 0.48990476190476195,
        "pixel_ap": 0.002819688767822561,
        "normal_count": 105,
        "anomaly_count": 75
    },
    "viaduct_28 key": {
        "image_auroc": 0.2977777777777778,
        "pixel_ap": 0.06482900037360152,
        "normal_count": 90,
        "anomaly_count": 30
    },
    "viaduct_21 cylinder screw": {
        "image_auroc": 0.6025252525252525,
        "pixel_ap": 0.00795269966823625,
        "normal_count": 180,
        "anomaly_count": 22
    },
    "viaduct_22 device box": {
        "image_auroc": 0.5427777777777778,
        "pixel_ap": 0.00017814126886532704,
        "normal_count": 50,
        "anomaly_count": 36
    },
    "viaduct_07 d-sub connector": {
        "image_auroc": 0.37462406015037597,
        "pixel_ap": 0.0012123609316377127,
        "normal_count": 140,
        "anomaly_count": 38
    },
    "viaduct_01 shredded corn medium": {
        "image_auroc": 0.8836984352773826,
        "pixel_ap": 0.10273135618454665,
        "normal_count": 185,
        "anomaly_count": 95
    },
    "viaduct_41 white tablet": {
        "image_auroc": 0.4054,
        "pixel_ap": 0.012096356626534603,
        "normal_count": 50,
        "anomaly_count": 100
    },
    "viaduct_06 coaxial t-adapter": {
        "image_auroc": 0.6353741496598639,
        "pixel_ap": 0.004189136411794411,
        "normal_count": 105,
        "anomaly_count": 14
    },
    "viaduct_24 pan screw": {
        "image_auroc": 0.42423076923076924,
        "pixel_ap": 0.002950919935520576,
        "normal_count": 130,
        "anomaly_count": 100
    },
    "btad_02": {
        "image_auroc": 0.6294736842105263,
        "pixel_ap": 0.2264795553132116,
        "normal_count": 30,
        "anomaly_count": 190
    },
    "btad_03": {
        "image_auroc": 0.6362096774193547,
        "pixel_ap": 0.008793982124691497,
        "normal_count": 400,
        "anomaly_count": 31
    },
    "mpdd_connector": {
        "image_auroc": 0.7416666666666667,
        "pixel_ap": 0.013858580313175925,
        "normal_count": 30,
        "anomaly_count": 4
    },
    "mpdd_tubes": {
        "image_auroc": 0.361228813559322,
        "pixel_ap": 0.06247165263914102,
        "normal_count": 32,
        "anomaly_count": 59
    },
    "mpdd_bracket_brown": {
        "image_auroc": 0.6510318949343339,
        "pixel_ap": 0.020960971360791985,
        "normal_count": 26,
        "anomaly_count": 41
    },
    "mpdd_bracket_black": {
        "image_auroc": 0.4248310810810811,
        "pixel_ap": 0.0011609578286167989,
        "normal_count": 32,
        "anomaly_count": 37
    }
}