{
    "continual_ad_Cucumber": {
        "image_auroc": 0.4488526959204796,
        "pixel_ap": 0.010018068220649927,
        "normal_count": 505,
        "anomaly_count": 507
    },
    "continual_ad_Spoon": {
        "image_auroc": 0.4975023765043548,
        "pixel_ap": 0.006366348717586619,
        "normal_count": 527,
        "anomaly_count": 517
    },
    "continual_ad_Apple": {
        "image_auroc": 0.6263273436864785,
        "pixel_ap": 0.043082651106731686,
        "normal_count": 490,
        "anomaly_count": 502
    },
    "continual_ad_Kleenex": {
        "image_auroc": 0.5554632305716121,
        "pixel_ap": 0.02577739263412938,
        "normal_count": 480,
        "anomaly_count": 519
    },
    "continual_ad_Glasses-case": {
        "image_auroc": 0.6838999596435544,
        "pixel_ap": 0.017726715759766653,
        "normal_count": 501,
        "anomaly_count": 549
    },
    "continual_ad_Toothbrush": {
        "image_auroc": 0.7996539162112933,
        "pixel_ap": 0.005545057490303838,
        "normal_count": 500,
        "anomaly_count": 549
    },
    "continual_ad_Soap": {
        "image_auroc": 0.49081198924141667,
        "pixel_ap": 0.013904514403552037,
        "normal_count": 394,
        "anomaly_count": 787
    },
    "continual_ad_Notebook": {
        "image_auroc": 0.6676192993469234,
        "pixel_ap": 0.037399669254240236,
        "normal_count": 354,
        "anomaly_count": 513
    },
    "continual_ad_Capsule": {
        "image_auroc": 0.40827602210033176,
        "pixel_ap": 0.008756305861032496,
        "normal_count": 507,
        "anomaly_count": 493
    },
    "continual_ad_Sunglasses": {
        "image_auroc": 0.5778269826366019,
        "pixel_ap": 0.024491999254339786,
        "normal_count": 499,
        "anomaly_count": 572
    },
    "continual_ad_Pencil": {
        "image_auroc": 0.6764747615811446,
        "pixel_ap": 0.0028912640175491077,
        "normal_count": 518,
        "anomaly_count": 517
    },
    "continual_ad_Food-container": {
        "image_auroc": 0.46595092024539875,
        "pixel_ap": 0.0343696733448734,
        "normal_count": 520,
        "anomaly_count": 489
    },
    "continual_ad_Chopsticks": {
        "image_auroc": 0.7997786572393942,
        "pixel_ap": 0.01894768773197296,
        "normal_count": 488,
        "anomaly_count": 524
    },
    "continual_ad_Toy": {
        "image_auroc": 0.7266867709437964,
        "pixel_ap": 0.010850431508454179,
        "normal_count": 368,
        "anomaly_count": 492
    },
    "continual_ad_Multi-pen": {
        "image_auroc": 0.7470417366116981,
        "pixel_ap": 0.009426334889936525,
        "normal_count": 494,
        "anomaly_count": 492
    },
    "viaduct_09 joystick": {
        "image_auroc": 0.5031894934333958,
        "pixel_ap": 0.01675599177474163,
        "normal_count": 65,
        "anomaly_count": 41
    },
    "viaduct_01 shredded corn medium": {
        "image_auroc": 0.7358179231863442,
        "pixel_ap": 0.011478627879114718,
        "normal_count": 185,
        "anomaly_count": 95
    },
    "viaduct_46 damper small": {
        "image_auroc": 0.6423076923076922,
        "pixel_ap": 0.10503869414121582,
        "normal_count": 65,
        "anomaly_count": 48
    },
    "viaduct_18 raspberry": {
        "image_auroc": 0.5598739495798318,
        "pixel_ap": 0.041061552926138147,
        "normal_count": 170,
        "anomaly_count": 84
    },
    "viaduct_16 vibration sensor": {
        "image_auroc": 0.56,
        "pixel_ap": 0.005334440022725944,
        "normal_count": 50,
        "anomaly_count": 20
    },
    "viaduct_36 redon needle": {
        "image_auroc": 0.5280423280423281,
        "pixel_ap": 0.002910600538648075,
        "normal_count": 180,
        "anomaly_count": 63
    },
    "viaduct_00 shredded corn rough": {
        "image_auroc": 0.6490384615384616,
        "pixel_ap": 0.021577233798246432,
        "normal_count": 80,
        "anomaly_count": 130
    },
    "viaduct_44 tack": {
        "image_auroc": 0.48353102189781016,
        "pixel_ap": 0.043839875672326785,
        "normal_count": 160,
        "anomaly_count": 137
    },
    "viaduct_06 coaxial t-adapter": {
        "image_auroc": 0.44013605442176873,
        "pixel_ap": 0.00616835330418486,
        "normal_count": 105,
        "anomaly_count": 14
    },
    "viaduct_31 valve handle red": {
        "image_auroc": 0.48055555555555557,
        "pixel_ap": 0.000538217210059725,
        "normal_count": 45,
        "anomaly_count": 16
    },
    "viaduct_04 battery tray": {
        "image_auroc": 0.4374358974358974,
        "pixel_ap": 0.0009889305091245193,
        "normal_count": 65,
        "anomaly_count": 30
    },
    "viaduct_29 threaded fitting": {
        "image_auroc": 0.5582437275985663,
        "pixel_ap": 0.006087755804894803,
        "normal_count": 90,
        "anomaly_count": 62
    },
    "viaduct_03 3-pole socket housing": {
        "image_auroc": 0.43649932157394844,
        "pixel_ap": 0.03280425365126096,
        "normal_count": 110,
        "anomaly_count": 134
    },
    "viaduct_33 drill": {
        "image_auroc": 0.4890096618357488,
        "pixel_ap": 0.008876644589438789,
        "normal_count": 180,
        "anomaly_count": 138
    },
    "viaduct_15 terminal block B": {
        "image_auroc": 0.4593846153846154,
        "pixel_ap": 0.003942714047450762,
        "normal_count": 65,
        "anomaly_count": 50
    },
    "viaduct_17 cherry": {
        "image_auroc": 0.5958766233766234,
        "pixel_ap": 0.014719317492088706,
        "normal_count": 275,
        "anomaly_count": 112
    },
    "viaduct_21 cylinder screw": {
        "image_auroc": 0.6396464646464646,
        "pixel_ap": 0.009970968631001992,
        "normal_count": 180,
        "anomaly_count": 22
    },
    "viaduct_32 bone pliers": {
        "image_auroc": 0.47490347490347484,
        "pixel_ap": 0.0006216175262425432,
        "normal_count": 185,
        "anomaly_count": 63
    },
    "viaduct_42 aluminium plate": {
        "image_auroc": 0.48366666666666663,
        "pixel_ap": 0.01957245008948235,
        "normal_count": 20,
        "anomaly_count": 150
    },
    "viaduct_10 PCB": {
        "image_auroc": 0.5937777777777777,
        "pixel_ap": 0.0009569675929350567,
        "normal_count": 50,
        "anomaly_count": 45
    },
    "viaduct_19 strawberry": {
        "image_auroc": 0.7266878306878306,
        "pixel_ap": 0.2232333692480766,
        "normal_count": 175,
        "anomaly_count": 135
    },
    "viaduct_37 retractor": {
        "image_auroc": 0.48410256410256414,
        "pixel_ap": 0.004831196788862158,
        "normal_count": 180,
        "anomaly_count": 65
    },
    "viaduct_25 reinforcing sleeve": {
        "image_auroc": 0.5654545454545454,
        "pixel_ap": 0.02648374291479801,
        "normal_count": 50,
        "anomaly_count": 11
    },
    "viaduct_35 pink tablet": {
        "image_auroc": 0.6743333333333333,
        "pixel_ap": 0.1271940773246923,
        "normal_count": 50,
        "anomaly_count": 60
    },
    "btad_02": {
        "image_auroc": 0.7652631578947369,
        "pixel_ap": 0.1965379828016127,
        "normal_count": 30,
        "anomaly_count": 190
    },
    "mpdd_bracket_black": {
        "image_auroc": 0.3505067567567568,
        "pixel_ap": 0.0008765462583742132,
        "normal_count": 32,
        "anomaly_count": 37
    },
    "mpdd_metal_plate": {
        "image_auroc": 0.18474148802017654,
        "pixel_ap": 0.20097526849013375,
        "normal_count": 26,
        "anomaly_count": 61
    },
    "mpdd_bracket_white": {
        "image_auroc": 0.36166666666666664,
        "pixel_ap": 1.9494036407520102e-05,
        "normal_count": 30,
        "anomaly_count": 20
    }
}