{
    "continual_ad_Energy-bar": {
        "image_auroc": 0.5296380623380702,
        "pixel_ap": 0.10953553843772695,
        "normal_count": 329,
        "anomaly_count": 542
    },
    "continual_ad_Apple": {
        "image_auroc": 0.34140580535002846,
        "pixel_ap": 0.044047653340153876,
        "normal_count": 490,
        "anomaly_count": 502
    },
    "continual_ad_Kleenex": {
        "image_auroc": 0.4304792870905587,
        "pixel_ap": 0.019407303814517256,
        "normal_count": 480,
        "anomaly_count": 519
    },
    "continual_ad_Ruler": {
        "image_auroc": 0.8584027112650114,
        "pixel_ap": 0.003774825863614702,
        "normal_count": 277,
        "anomaly_count": 490
    },
    "continual_ad_Toothpaste": {
        "image_auroc": 0.4220839566616801,
        "pixel_ap": 0.00686004538374958,
        "normal_count": 513,
        "anomaly_count": 516
    },
    "continual_ad_Sunglasses": {
        "image_auroc": 0.5729781240803284,
        "pixel_ap": 0.02402526544004856,
        "normal_count": 499,
        "anomaly_count": 572
    },
    "continual_ad_Capsule": {
        "image_auroc": 0.5436545562930335,
        "pixel_ap": 0.05294238669610579,
        "normal_count": 507,
        "anomaly_count": 493
    },
    "continual_ad_Flash-drive": {
        "image_auroc": 0.5916211927706181,
        "pixel_ap": 0.022478251550341926,
        "normal_count": 522,
        "anomaly_count": 495
    },
    "continual_ad_Band-aid": {
        "image_auroc": 0.8320851650651053,
        "pixel_ap": 0.005537302079049041,
        "normal_count": 511,
        "anomaly_count": 491
    },
    "continual_ad_Cucumber": {
        "image_auroc": 0.36124748569531506,
        "pixel_ap": 0.011597139830638837,
        "normal_count": 505,
        "anomaly_count": 507
    },
    "continual_ad_Toothbrush": {
        "image_auroc": 0.6201675774134789,
        "pixel_ap": 0.005522000508429349,
        "normal_count": 500,
        "anomaly_count": 549
    },
    "continual_ad_Soap": {
        "image_auroc": 0.5885390127645301,
        "pixel_ap": 0.00621662058298099,
        "normal_count": 394,
        "anomaly_count": 787
    },
    "continual_ad_Dollar": {
        "image_auroc": 0.8558455947068143,
        "pixel_ap": 0.02402509849964984,
        "normal_count": 391,
        "anomaly_count": 494
    },
    "continual_ad_Pencil": {
        "image_auroc": 0.6746002703449513,
        "pixel_ap": 0.003991639768183743,
        "normal_count": 518,
        "anomaly_count": 517
    },
    "continual_ad_Fork": {
        "image_auroc": 0.5319603759655328,
        "pixel_ap": 0.007861064795339193,
        "normal_count": 537,
        "anomaly_count": 507
    },
    "continual_ad_Toy": {
        "image_auroc": 0.6305783845881937,
        "pixel_ap": 0.006278688242254071,
        "normal_count": 368,
        "anomaly_count": 492
    },
    "continual_ad_Multi-pen": {
        "image_auroc": 0.7968014548566539,
        "pixel_ap": 0.008846612488895384,
        "normal_count": 494,
        "anomaly_count": 492
    },
    "continual_ad_Chopsticks": {
        "image_auroc": 0.7502111750719559,
        "pixel_ap": 0.012974353099690552,
        "normal_count": 488,
        "anomaly_count": 524
    },
    "mvtec_leather": {
        "image_auroc": 0.7560975609756098,
        "pixel_ap": 0.22959106598811657,
        "normal_count": 32,
        "anomaly_count": 82
    },
    "mvtec_hazelnut": {
        "image_auroc": 0.7829166666666667,
        "pixel_ap": 0.3282994919595372,
        "normal_count": 40,
        "anomaly_count": 60
    },
    "mvtec_pill": {
        "image_auroc": 0.6984732824427481,
        "pixel_ap": 0.18837632656480416,
        "normal_count": 26,
        "anomaly_count": 131
    },
    "mvtec_wood": {
        "image_auroc": 0.9494736842105262,
        "pixel_ap": 0.3341046662958193,
        "normal_count": 19,
        "anomaly_count": 50
    },
    "mvtec_screw": {
        "image_auroc": 0.5549339897068696,
        "pixel_ap": 0.01718427216957461,
        "normal_count": 41,
        "anomaly_count": 109
    },
    "mvtec_zipper": {
        "image_auroc": 0.6866399082568808,
        "pixel_ap": 0.21592126948252574,
        "normal_count": 32,
        "anomaly_count": 109
    },
    "mvtec_grid": {
        "image_auroc": 0.5927051671732523,
        "pixel_ap": 0.003321486808446008,
        "normal_count": 21,
        "anomaly_count": 47
    },
    "mvtec_metal_nut": {
        "image_auroc": 0.3203723986856517,
        "pixel_ap": 0.2052049480126643,
        "normal_count": 22,
        "anomaly_count": 83
    },
    "mvtec_bottle": {
        "image_auroc": 0.7877358490566038,
        "pixel_ap": 0.20844811097638866,
        "normal_count": 20,
        "anomaly_count": 53
    },
    "visa_pcb4": {
        "image_auroc": 0.3317931793179318,
        "pixel_ap": 0.0,
        "normal_count": 101,
        "anomaly_count": 90
    },
    "visa_candle": {
        "image_auroc": 0.42144444444444445,
        "pixel_ap": 0.0,
        "normal_count": 100,
        "anomaly_count": 90
    },
    "visa_pipe_fryum": {
        "image_auroc": 0.5795555555555556,
        "pixel_ap": 0.0,
        "normal_count": 50,
        "anomaly_count": 90
    },
    "visa_cashew": {
        "image_auroc": 0.6762222222222223,
        "pixel_ap": 0.0,
        "normal_count": 50,
        "anomaly_count": 90
    },
    "visa_chewinggum": {
        "image_auroc": 0.5062222222222222,
        "pixel_ap": 0.0,
        "normal_count": 50,
        "anomaly_count": 90
    },
    "visa_pcb1": {
        "image_auroc": 0.6852222222222222,
        "pixel_ap": 0.0,
        "normal_count": 100,
        "anomaly_count": 90
    },
    "visa_macaroni2": {
        "image_auroc": 0.5987777777777777,
        "pixel_ap": 0.0,
        "normal_count": 100,
        "anomaly_count": 90
    },
    "viaduct_10 PCB": {
        "image_auroc": 0.5653333333333334,
        "pixel_ap": 0.00399468841420072,
        "normal_count": 50,
        "anomaly_count": 45
    },
    "viaduct_43 paperclip": {
        "image_auroc": 0.613131313131313,
        "pixel_ap": 0.048921346814191614,
        "normal_count": 110,
        "anomaly_count": 63
    },
    "viaduct_37 retractor": {
        "image_auroc": 0.6414529914529915,
        "pixel_ap": 0.06725946349108383,
        "normal_count": 180,
        "anomaly_count": 65
    },
    "viaduct_44 tack": {
        "image_auroc": 0.541286496350365,
        "pixel_ap": 0.04836941196545756,
        "normal_count": 160,
        "anomaly_count": 137
    },
    "viaduct_39 self-tapping bolt": {
        "image_auroc": 0.4782142857142857,
        "pixel_ap": 0.06683313425010348,
        "normal_count": 140,
        "anomaly_count": 140
    },
    "viaduct_12 rotary encoder": {
        "image_auroc": 0.5505263157894738,
        "pixel_ap": 0.003825690464838425,
        "normal_count": 50,
        "anomaly_count": 19
    },
    "viaduct_06 coaxial t-adapter": {
        "image_auroc": 0.5047619047619047,
        "pixel_ap": 0.008167473980984772,
        "normal_count": 105,
        "anomaly_count": 14
    },
    "viaduct_19 strawberry": {
        "image_auroc": 0.5177566137566137,
        "pixel_ap": 0.1458749271393302,
        "normal_count": 175,
        "anomaly_count": 135
    },
    "viaduct_15 terminal block B": {
        "image_auroc": 0.5135384615384616,
        "pixel_ap": 0.0055692472516873865,
        "normal_count": 65,
        "anomaly_count": 50
    },
    "viaduct_28 key": {
        "image_auroc": 0.5148148148148148,
        "pixel_ap": 0.09356681243410493,
        "normal_count": 90,
        "anomaly_count": 30
    },
    "viaduct_02 shredded corn fine": {
        "image_auroc": 0.7470266575529733,
        "pixel_ap": 0.07268617880569535,
        "normal_count": 110,
        "anomaly_count": 133
    },
    "viaduct_20 tea bag": {
        "image_auroc": 0.5369841269841269,
        "pixel_ap": 0.014445962513354275,
        "normal_count": 140,
        "anomaly_count": 90
    },