{
    "continual_ad_Energy-bar": {
        "image_auroc": 0.49594544577664623,
        "pixel_ap": 0.10586034044588788,
        "normal_count": 329,
        "anomaly_count": 542
    },
    "continual_ad_Apple": {
        "image_auroc": 0.3283640946418408,
        "pixel_ap": 0.04548637816944505,
        "normal_count": 490,
        "anomaly_count": 502
    },
    "continual_ad_Kleenex": {
        "image_auroc": 0.36807161207450223,
        "pixel_ap": 0.023780372705060566,
        "normal_count": 480,
        "anomaly_count": 519
    },
    "continual_ad_Ruler": {
        "image_auroc": 0.8063876814263612,
        "pixel_ap": 0.003484019588985049,
        "normal_count": 277,
        "anomaly_count": 490
    },
    "continual_ad_Toothpaste": {
        "image_auroc": 0.3609033349955423,
        "pixel_ap": 0.008945385846742784,
        "normal_count": 513,
        "anomaly_count": 516
    },
    "continual_ad_Sunglasses": {
        "image_auroc": 0.6295493084070238,
        "pixel_ap": 0.02914809358021908,
        "normal_count": 499,
        "anomaly_count": 572
    },
    "continual_ad_Capsule": {
        "image_auroc": 0.584194502122416,
        "pixel_ap": 0.03412283686353064,
        "normal_count": 507,
        "anomaly_count": 493
    },
    "continual_ad_Flash-drive": {
        "image_auroc": 0.6305661983822903,
        "pixel_ap": 0.040039929485018534,
        "normal_count": 522,
        "anomaly_count": 495
    },
    "continual_ad_Band-aid": {
        "image_auroc": 0.8503433625214726,
        "pixel_ap": 0.0067495729323519575,
        "normal_count": 511,
        "anomaly_count": 491
    },
    "continual_ad_Cucumber": {
        "image_auroc": 0.2932216298552932,
        "pixel_ap": 0.012837869419573248,
        "normal_count": 505,
        "anomaly_count": 507
    },
    "continual_ad_Toothbrush": {
        "image_auroc": 0.6612422586520947,
        "pixel_ap": 0.00586805595971302,
        "normal_count": 500,
        "anomaly_count": 549
    },
    "continual_ad_Soap": {
        "image_auroc": 0.6421190797154264,
        "pixel_ap": 0.010366249948895298,
        "normal_count": 394,
        "anomaly_count": 787
    },
    "continual_ad_Dollar": {
        "image_auroc": 0.8237623864895369,
        "pixel_ap": 0.02506206885788221,
        "normal_count": 391,
        "anomaly_count": 494
    },
    "continual_ad_Pencil": {
        "image_auroc": 0.5982950344652472,
        "pixel_ap": 0.0032037503404708646,
        "normal_count": 518,
        "anomaly_count": 517
    },
    "continual_ad_Fork": {
        "image_auroc": 0.5760801295824931,
        "pixel_ap": 0.009113626651644256,
        "normal_count": 537,
        "anomaly_count": 507
    },
    "continual_ad_Toy": {
        "image_auroc": 0.5805386178861789,
        "pixel_ap": 0.0060335359521419,
        "normal_count": 368,
        "anomaly_count": 492
    },
    "continual_ad_Multi-pen": {
        "image_auroc": 0.7746165366511965,
        "pixel_ap": 0.009033003985571098,
        "normal_count": 494,
        "anomaly_count": 492
    },
    "continual_ad_Chopsticks": {
        "image_auroc": 0.7740935114503816,
        "pixel_ap": 0.014266003903799916,
        "normal_count": 488,
        "anomaly_count": 524
    },
    "mvtec_leather": {
        "image_auroc": 0.5708841463414633,
        "pixel_ap": 0.13658765152750219,
        "normal_count": 32,
        "anomaly_count": 82
    },
    "mvtec_hazelnut": {
        "image_auroc": 0.8091666666666667,
        "pixel_ap": 0.30025558000517144,
        "normal_count": 40,
        "anomaly_count": 60
    },
    "mvtec_pill": {
        "image_auroc": 0.6846741045214327,
        "pixel_ap": 0.25455388899195264,
        "normal_count": 26,
        "anomaly_count": 131
    },
    "mvtec_wood": {
        "image_auroc": 0.8768421052631579,
        "pixel_ap": 0.27883379715357315,
        "normal_count": 19,
        "anomaly_count": 50
    },
    "mvtec_screw": {
        "image_auroc": 0.6008055493398972,
        "pixel_ap": 0.015598695404074941,
        "normal_count": 41,
        "anomaly_count": 109
    },
    "mvtec_zipper": {
        "image_auroc": 0.7190366972477065,
        "pixel_ap": 0.30033877664301634,
        "normal_count": 32,
        "anomaly_count": 109
    },
    "mvtec_grid": {
        "image_auroc": 0.6362715298885512,
        "pixel_ap": 0.0035173784623420004,
        "normal_count": 21,
        "anomaly_count": 47
    },
    "mvtec_metal_nut": {
        "image_auroc": 0.5613362541073385,
        "pixel_ap": 0.32977603114235354,
        "normal_count": 22,
        "anomaly_count": 83
    },
    "mvtec_bottle": {
        "image_auroc": 0.7735849056603774,
        "pixel_ap": 0.18581904625320012,
        "normal_count": 20,
        "anomaly_count": 53
    },
    "visa_pcb4": {
        "image_auroc": 0.3442244224422442,
        "pixel_ap": 0.0,
        "normal_count": 101,
        "anomaly_count": 90
    },
    "visa_candle": {
        "image_auroc": 0.44377777777777777,
        "pixel_ap": 0.0,
        "normal_count": 100,
        "anomaly_count": 90
    },
    "visa_pipe_fryum": {
        "image_auroc": 0.6255555555555556,
        "pixel_ap": 0.0,
        "normal_count": 50,
        "anomaly_count": 90
    },
    "visa_cashew": {
        "image_auroc": 0.7511111111111112,
        "pixel_ap": 0.0,
        "normal_count": 50,
        "anomaly_count": 90
    },
    "visa_chewinggum": {
        "image_auroc": 0.6115555555555555,
        "pixel_ap": 0.0,
        "normal_count": 50,
        "anomaly_count": 90
    },
    "visa_pcb1": {
        "image_auroc": 0.5865555555555555,
        "pixel_ap": 0.0,
        "normal_count": 100,
        "anomaly_count": 90
    },
    "visa_macaroni2": {
        "image_auroc": 0.5872222222222222,
        "pixel_ap": 0.0,
        "normal_count": 100,
        "anomaly_count": 90
    },
    "viaduct_10 PCB": {
        "image_auroc": 0.4671111111111111,
        "pixel_ap": 0.002181310440515306,
        "normal_count": 50,
        "anomaly_count": 45
    },
    "viaduct_43 paperclip": {
        "image_auroc": 0.5608946608946609,
        "pixel_ap": 0.05049971463317654,
        "normal_count": 110,
        "anomaly_count": 63
    },
    "viaduct_37 retractor": {
        "image_auroc": 0.6605128205128205,
        "pixel_ap": 0.1872811193961891,
        "normal_count": 180,
        "anomaly_count": 65
    },
    "viaduct_44 tack": {
        "image_auroc": 0.6018704379562043,
        "pixel_ap": 0.04548553612880033,
        "normal_count": 160,
        "anomaly_count": 137
    },
    "viaduct_39 self-tapping bolt": {
        "image_auroc": 0.4036224489795919,
        "pixel_ap": 0.06278188793125719,
        "normal_count": 140,
        "anomaly_count": 140
    },
    "viaduct_12 rotary encoder": {
        "image_auroc": 0.5631578947368421,
        "pixel_ap": 0.003932749907096895,
        "normal_count": 50,
        "anomaly_count": 19
    },
    "viaduct_06 coaxial t-adapter": {
        "image_auroc": 0.4809523809523809,
        "pixel_ap": 0.006830579169848358,
        "normal_count": 105,
        "anomaly_count": 14
    },
    "viaduct_19 strawberry": {
        "image_auroc": 0.3854814814814815,
        "pixel_ap": 0.13050317289306582,
        "normal_count": 175,
        "anomaly_count": 135
    },
    "viaduct_15 terminal block B": {
        "image_auroc": 0.4987692307692308,
        "pixel_ap": 0.0048912495136730575,
        "normal_count": 65,
        "anomaly_count": 50
    },
    "viaduct_28 key": {
        "image_auroc": 0.47370370370370374,
        "pixel_ap": 0.12005715196798766,
        "normal_count": 90,
        "anomaly_count": 30
    },
    "viaduct_02 shredded corn fine": {
        "image_auroc": 0.7708133971291866,
        "pixel_ap": 0.1050989175062457,
        "normal_count": 110,
        "anomaly_count": 133
    },
    "viaduct_20 tea bag": {
        "image_auroc": 0.6287301587301588,
        "pixel_ap": 0.02375038891587825,
        "normal_count": 140,