{
    "continual_ad_Energy-bar": {
        "image_auroc": 0.5525858298096659,
        "pixel_ap": 0.08726687843300875,
        "normal_count": 329,
        "anomaly_count": 542
    },
    "continual_ad_Apple": {
        "image_auroc": 0.45689893487275385,
        "pixel_ap": 0.039068929502280234,
        "normal_count": 490,
        "anomaly_count": 502
    },
    "continual_ad_Kleenex": {
        "image_auroc": 0.40383750802825946,
        "pixel_ap": 0.016321137577471178,
        "normal_count": 480,
        "anomaly_count": 519
    },
    "continual_ad_Ruler": {
        "image_auroc": 0.7815958152213954,
        "pixel_ap": 0.0036548238309085474,
        "normal_count": 277,
        "anomaly_count": 490
    },
    "continual_ad_Toothpaste": {
        "image_auroc": 0.3676428366350847,
        "pixel_ap": 0.005193084573433013,
        "normal_count": 513,
        "anomaly_count": 516
    },
    "continual_ad_Sunglasses": {
        "image_auroc": 0.6251629132390655,
        "pixel_ap": 0.02035509352152813,
        "normal_count": 499,
        "anomaly_count": 572
    },
    "continual_ad_Capsule": {
        "image_auroc": 0.6041184072078127,
        "pixel_ap": 0.024371323602625054,
        "normal_count": 507,
        "anomaly_count": 493
    },
    "continual_ad_Flash-drive": {
        "image_auroc": 0.603514067881884,
        "pixel_ap": 0.02340389038522972,
        "normal_count": 522,
        "anomaly_count": 495
    },
    "continual_ad_Band-aid": {
        "image_auroc": 0.7207424442309915,
        "pixel_ap": 0.003367149364967848,
        "normal_count": 511,
        "anomaly_count": 491
    },
    "continual_ad_Cucumber": {
        "image_auroc": 0.41385357470658307,
        "pixel_ap": 0.01060495965882279,
        "normal_count": 505,
        "anomaly_count": 507
    },
    "continual_ad_Toothbrush": {
        "image_auroc": 0.6185355191256829,
        "pixel_ap": 0.003999155975489903,
        "normal_count": 500,
        "anomaly_count": 549
    },
    "continual_ad_Soap": {
        "image_auroc": 0.5716787388979546,
        "pixel_ap": 0.006133605051439819,
        "normal_count": 394,
        "anomaly_count": 787
    },
    "continual_ad_Dollar": {
        "image_auroc": 0.8220746140385392,
        "pixel_ap": 0.020544627479817248,
        "normal_count": 391,
        "anomaly_count": 494
    },
    "continual_ad_Pencil": {
        "image_auroc": 0.6125702934213573,
        "pixel_ap": 0.0028832843227150464,
        "normal_count": 518,
        "anomaly_count": 517
    },
    "continual_ad_Fork": {
        "image_auroc": 0.5901329248987177,
        "pixel_ap": 0.0064592670159032955,
        "normal_count": 537,
        "anomaly_count": 507
    },
    "continual_ad_Toy": {
        "image_auroc": 0.5852112053729234,
        "pixel_ap": 0.005567940587813934,
        "normal_count": 368,
        "anomaly_count": 492
    },
    "continual_ad_Multi-pen": {
        "image_auroc": 0.77646390836378,
        "pixel_ap": 0.00747899052344644,
        "normal_count": 494,
        "anomaly_count": 492
    },
    "continual_ad_Chopsticks": {
        "image_auroc": 0.7664638343136028,
        "pixel_ap": 0.013670272021604982,
        "normal_count": 488,
        "anomaly_count": 524
    },
    "mvtec_leather": {
        "image_auroc": 0.5232469512195121,
        "pixel_ap": 0.11868352495749505,
        "normal_count": 32,
        "anomaly_count": 82
    },
    "mvtec_hazelnut": {
        "image_auroc": 0.6866666666666666,
        "pixel_ap": 0.1250354797711643,
        "normal_count": 40,
        "anomaly_count": 60
    },
    "mvtec_pill": {
        "image_auroc": 0.715208455666471,
        "pixel_ap": 0.0842774921130469,
        "normal_count": 26,
        "anomaly_count": 131
    },
    "mvtec_wood": {
        "image_auroc": 0.8315789473684211,
        "pixel_ap": 0.16672788171998323,
        "normal_count": 19,
        "anomaly_count": 50
    },
    "mvtec_screw": {
        "image_auroc": 0.5021257552025061,
        "pixel_ap": 0.013984275577199463,
        "normal_count": 41,
        "anomaly_count": 109
    },
    "mvtec_zipper": {
        "image_auroc": 0.5957568807339451,
        "pixel_ap": 0.1329583284141215,
        "normal_count": 32,
        "anomaly_count": 109
    },
    "mvtec_grid": {
        "image_auroc": 0.5734549138804458,
        "pixel_ap": 0.0036225436762945566,
        "normal_count": 21,
        "anomaly_count": 47
    },
    "mvtec_metal_nut": {
        "image_auroc": 0.4594742606790799,
        "pixel_ap": 0.18728412390136454,
        "normal_count": 22,
        "anomaly_count": 83
    },
    "mvtec_bottle": {
        "image_auroc": 0.7028301886792453,
        "pixel_ap": 0.18141995465787594,
        "normal_count": 20,
        "anomaly_count": 53
    },
    "visa_pcb4": {
        "image_auroc": 0.5575357535753576,
        "pixel_ap": 0.0,
        "normal_count": 101,
        "anomaly_count": 90
    },
    "visa_candle": {
        "image_auroc": 0.48244444444444445,
        "pixel_ap": 0.0,
        "normal_count": 100,
        "anomaly_count": 90
    },
    "visa_pipe_fryum": {
        "image_auroc": 0.5446666666666666,
        "pixel_ap": 0.0,
        "normal_count": 50,
        "anomaly_count": 90
    },
    "visa_cashew": {
        "image_auroc": 0.6828888888888889,
        "pixel_ap": 0.0,
        "normal_count": 50,
        "anomaly_count": 90
    },
    "visa_chewinggum": {
        "image_auroc": 0.5846666666666666,
        "pixel_ap": 0.0,
        "normal_count": 50,
        "anomaly_count": 90
    },
    "visa_pcb1": {
        "image_auroc": 0.5708888888888889,
        "pixel_ap": 0.0,
        "normal_count": 100,
        "anomaly_count": 90
    },
    "visa_macaroni2": {
        "image_auroc": 0.5491111111111112,
        "pixel_ap": 0.0,
        "normal_count": 100,
        "anomaly_count": 90
    },
    "viaduct_10 PCB": {
        "image_auroc": 0.5186666666666666,
        "pixel_ap": 0.0015069912599818072,
        "normal_count": 50,
        "anomaly_count": 45
    },
    "viaduct_43 paperclip": {
        "image_auroc": 0.5542568542568542,
        "pixel_ap": 0.04384423816417412,
        "normal_count": 110,
        "anomaly_count": 63
    },
    "viaduct_37 retractor": {
        "image_auroc": 0.5787179487179487,
        "pixel_ap": 0.003467496170103938,
        "normal_count": 180,
        "anomaly_count": 65
    },
    "viaduct_44 tack": {
        "image_auroc": 0.6433850364963504,
        "pixel_ap": 0.044069627980516106,
        "normal_count": 160,
        "anomaly_count": 137
    },
    "viaduct_39 self-tapping bolt": {
        "image_auroc": 0.5230102040816327,
        "pixel_ap": 0.05802540116940663,
        "normal_count": 140,
        "anomaly_count": 140
    },
    "viaduct_12 rotary encoder": {
        "image_auroc": 0.5673684210526315,
        "pixel_ap": 0.0028536019381249344,
        "normal_count": 50,
        "anomaly_count": 19
    },
    "viaduct_06 coaxial t-adapter": {
        "image_auroc": 0.5585034013605442,
        "pixel_ap": 0.007512649031589373,
        "normal_count": 105,
        "anomaly_count": 14
    },
    "viaduct_19 strawberry": {
        "image_auroc": 0.49320634920634915,
        "pixel_ap": 0.1488770807233699,
        "normal_count": 175,
        "anomaly_count": 135
    },
    "viaduct_15 terminal block B": {
        "image_auroc": 0.5467692307692308,
        "pixel_ap": 0.005040613166651183,
        "normal_count": 65,
        "anomaly_count": 50
    },
    "viaduct_28 key": {
        "image_auroc": 0.49444444444444446,
        "pixel_ap": 0.07150661817891557,
        "normal_count": 90,
        "anomaly_count": 30
    },
    "viaduct_02 shredded corn fine": {
        "image_auroc": 0.6827067669172934,
        "pixel_ap": 0.03669944244289776,
        "normal_count": 110,
        "anomaly_count": 133
    },
    "viaduct_20 tea bag": {
        "image_auroc": 0.6571428571428573,
        "pixel_ap": 0.053499215514152404,
        "normal_count": 140,