{
    "continual_ad_Cucumber": {
        "image_auroc": 0.3188314097681958,
        "pixel_ap": 0.012818854006178796,
        "normal_count": 505,
        "anomaly_count": 507
    },
    "continual_ad_Spoon": {
        "image_auroc": 0.5882389643946428,
        "pixel_ap": 0.006776223700479493,
        "normal_count": 527,
        "anomaly_count": 517
    },
    "continual_ad_Apple": {
        "image_auroc": 0.432319700788682,
        "pixel_ap": 0.048151122953931494,
        "normal_count": 490,
        "anomaly_count": 502
    },
    "continual_ad_Kleenex": {
        "image_auroc": 0.49915703275529866,
        "pixel_ap": 0.02704335560971698,
        "normal_count": 480,
        "anomaly_count": 519
    },
    "continual_ad_Glasses-case": {
        "image_auroc": 0.5975008089467695,
        "pixel_ap": 0.010661487319809537,
        "normal_count": 501,
        "anomaly_count": 549
    },
    "continual_ad_Toothbrush": {
        "image_auroc": 0.6463970856102004,
        "pixel_ap": 0.010058187060072511,
        "normal_count": 500,
        "anomaly_count": 549
    },
    "continual_ad_Soap": {
        "image_auroc": 0.6098852546778553,
        "pixel_ap": 0.007525210043865873,
        "normal_count": 394,
        "anomaly_count": 787
    },
    "continual_ad_Notebook": {
        "image_auroc": 0.4052102950408035,
        "pixel_ap": 0.01641185670018294,
        "normal_count": 354,
        "anomaly_count": 513
    },
    "continual_ad_Capsule": {
        "image_auroc": 0.5355569691659565,
        "pixel_ap": 0.01730998084028042,
        "normal_count": 507,
        "anomaly_count": 493
    },
    "continual_ad_Sunglasses": {
        "image_auroc": 0.5314930560421542,
        "pixel_ap": 0.025972786066619177,
        "normal_count": 499,
        "anomaly_count": 572
    },
    "continual_ad_Pencil": {
        "image_auroc": 0.6851228127823873,
        "pixel_ap": 0.00429928390855555,
        "normal_count": 518,
        "anomaly_count": 517
    },
    "continual_ad_Food-container": {
        "image_auroc": 0.46227387132295106,
        "pixel_ap": 0.031754184517177604,
        "normal_count": 520,
        "anomaly_count": 489
    },
    "continual_ad_Chopsticks": {
        "image_auroc": 0.7510167688649731,
        "pixel_ap": 0.013719900726601652,
        "normal_count": 488,
        "anomaly_count": 524
    },
    "continual_ad_Toy": {
        "image_auroc": 0.5831400229763167,
        "pixel_ap": 0.006047269853908043,
        "normal_count": 368,
        "anomaly_count": 492
    },
    "continual_ad_Multi-pen": {
        "image_auroc": 0.7983649320298871,
        "pixel_ap": 0.010879622872751507,
        "normal_count": 494,
        "anomaly_count": 492
    },
    "viaduct_09 joystick": {
        "image_auroc": 0.5159474671669794,
        "pixel_ap": 0.012817481077219958,
        "normal_count": 65,
        "anomaly_count": 41
    },
    "viaduct_01 shredded corn medium": {
        "image_auroc": 0.9064580369843527,
        "pixel_ap": 0.15369275250512296,
        "normal_count": 185,
        "anomaly_count": 95
    },
    "viaduct_46 damper small": {
        "image_auroc": 0.6762820512820512,
        "pixel_ap": 0.13465312700468496,
        "normal_count": 65,
        "anomaly_count": 48
    },
    "viaduct_18 raspberry": {
        "image_auroc": 0.5374649859943977,
        "pixel_ap": 0.11899488395249291,
        "normal_count": 170,
        "anomaly_count": 84
    },
    "viaduct_16 vibration sensor": {
        "image_auroc": 0.67,
        "pixel_ap": 0.003811304527178414,
        "normal_count": 50,
        "anomaly_count": 20
    },
    "viaduct_36 redon needle": {
        "image_auroc": 0.6879188712522046,
        "pixel_ap": 0.045076740118406164,
        "normal_count": 180,
        "anomaly_count": 63
    },
    "viaduct_00 shredded corn rough": {
        "image_auroc": 0.7316346153846153,
        "pixel_ap": 0.092747287649728,
        "normal_count": 80,
        "anomaly_count": 130
    },
    "viaduct_44 tack": {
        "image_auroc": 0.4415602189781022,
        "pixel_ap": 0.03708302994840372,
        "normal_count": 160,
        "anomaly_count": 137
    },
    "viaduct_06 coaxial t-adapter": {
        "image_auroc": 0.6156462585034013,
        "pixel_ap": 0.027387231910937324,
        "normal_count": 105,
        "anomaly_count": 14
    },
    "viaduct_31 valve handle red": {
        "image_auroc": 0.6569444444444444,
        "pixel_ap": 0.00201620007910735,
        "normal_count": 45,
        "anomaly_count": 16
    },
    "viaduct_04 battery tray": {
        "image_auroc": 0.40717948717948715,
        "pixel_ap": 0.0015261293847099251,
        "normal_count": 65,
        "anomaly_count": 30
    },
    "viaduct_29 threaded fitting": {
        "image_auroc": 0.5408602150537635,
        "pixel_ap": 0.0027399316513523654,
        "normal_count": 90,
        "anomaly_count": 62
    },
    "viaduct_03 3-pole socket housing": {
        "image_auroc": 0.47985074626865676,
        "pixel_ap": 0.0450987906855926,
        "normal_count": 110,
        "anomaly_count": 134
    },
    "viaduct_33 drill": {
        "image_auroc": 0.5747987117552334,
        "pixel_ap": 0.050214642614828324,
        "normal_count": 180,
        "anomaly_count": 138
    },
    "viaduct_15 terminal block B": {
        "image_auroc": 0.5073846153846153,
        "pixel_ap": 0.009208841591274922,
        "normal_count": 65,
        "anomaly_count": 50
    },
    "viaduct_17 cherry": {
        "image_auroc": 0.5708441558441558,
        "pixel_ap": 0.011593425138454736,
        "normal_count": 275,
        "anomaly_count": 112
    },
    "viaduct_21 cylinder screw": {
        "image_auroc": 0.7156565656565657,
        "pixel_ap": 0.012978343759695471,
        "normal_count": 180,
        "anomaly_count": 22
    },
    "viaduct_32 bone pliers": {
        "image_auroc": 0.5532389532389532,
        "pixel_ap": 0.019567020882008783,
        "normal_count": 185,
        "anomaly_count": 63
    },
    "viaduct_42 aluminium plate": {
        "image_auroc": 0.5926666666666667,
        "pixel_ap": 0.024256426548941896,
        "normal_count": 20,
        "anomaly_count": 150
    },
    "viaduct_10 PCB": {
        "image_auroc": 0.5831111111111111,
        "pixel_ap": 0.0035637900906322615,
        "normal_count": 50,
        "anomaly_count": 45
    },
    "viaduct_19 strawberry": {
        "image_auroc": 0.5668148148148149,
        "pixel_ap": 0.14122693112694487,
        "normal_count": 175,
        "anomaly_count": 135
    },
    "viaduct_37 retractor": {
        "image_auroc": 0.5817094017094018,
        "pixel_ap": 0.12996538098126592,
        "normal_count": 180,
        "anomaly_count": 65
    },
    "viaduct_25 reinforcing sleeve": {
        "image_auroc": 0.5672727272727273,
        "pixel_ap": 0.022875327968396024,
        "normal_count": 50,
        "anomaly_count": 11
    },
    "viaduct_35 pink tablet": {
        "image_auroc": 0.6713333333333333,
        "pixel_ap": 0.17682663006823468,
        "normal_count": 50,
        "anomaly_count": 60
    },
    "btad_02": {
        "image_auroc": 0.6396491228070176,
        "pixel_ap": 0.22131304377927044,
        "normal_count": 30,
        "anomaly_count": 190
    },
    "mpdd_bracket_black": {
        "image_auroc": 0.5177364864864865,
        "pixel_ap": 0.001418602145842019,
        "normal_count": 32,
        "anomaly_count": 37
    },
    "mpdd_metal_plate": {
        "image_auroc": 0.780580075662043,
        "pixel_ap": 0.5913309742982412,
        "normal_count": 26,
        "anomaly_count": 61
    },
    "mpdd_bracket_white": {
        "image_auroc": 0.34833333333333333,
        "pixel_ap": 1.4597155892621326e-05,
        "normal_count": 30,
        "anomaly_count": 20
    }
}