{
    "continual_ad_Cucumber": {
        "image_auroc": 0.432581483000371,
        "pixel_ap": 0.012337410338397527,
        "normal_count": 505,
        "anomaly_count": 507
    },
    "continual_ad_Spoon": {
        "image_auroc": 0.5936452824094635,
        "pixel_ap": 0.007602052240352118,
        "normal_count": 527,
        "anomaly_count": 517
    },
    "continual_ad_Apple": {
        "image_auroc": 0.4119481258638914,
        "pixel_ap": 0.033052219536372156,
        "normal_count": 490,
        "anomaly_count": 502
    },
    "continual_ad_Kleenex": {
        "image_auroc": 0.4142622029543995,
        "pixel_ap": 0.014896194499646027,
        "normal_count": 480,
        "anomaly_count": 519
    },
    "continual_ad_Glasses-case": {
        "image_auroc": 0.6570574697599336,
        "pixel_ap": 0.003958217636366971,
        "normal_count": 501,
        "anomaly_count": 549
    },
    "continual_ad_Toothbrush": {
        "image_auroc": 0.6654134790528232,
        "pixel_ap": 0.00560736707605296,
        "normal_count": 500,
        "anomaly_count": 549
    },
    "continual_ad_Soap": {
        "image_auroc": 0.5732331864885609,
        "pixel_ap": 0.007839797897817791,
        "normal_count": 394,
        "anomaly_count": 787
    },
    "continual_ad_Notebook": {
        "image_auroc": 0.43425733196770955,
        "pixel_ap": 0.012587306357398102,
        "normal_count": 354,
        "anomaly_count": 513
    },
    "continual_ad_Capsule": {
        "image_auroc": 0.5715680273333572,
        "pixel_ap": 0.012713977460299515,
        "normal_count": 507,
        "anomaly_count": 493
    },
    "continual_ad_Sunglasses": {
        "image_auroc": 0.7025975026977032,
        "pixel_ap": 0.021223730369251632,
        "normal_count": 499,
        "anomaly_count": 572
    },
    "continual_ad_Pencil": {
        "image_auroc": 0.7124784358826912,
        "pixel_ap": 0.003420655240301238,
        "normal_count": 518,
        "anomaly_count": 517
    },
    "continual_ad_Food-container": {
        "image_auroc": 0.4946201038225578,
        "pixel_ap": 0.030058298725977404,
        "normal_count": 520,
        "anomaly_count": 489
    },
    "continual_ad_Chopsticks": {
        "image_auroc": 0.7049884244775372,
        "pixel_ap": 0.013099432803133124,
        "normal_count": 488,
        "anomaly_count": 524
    },
    "continual_ad_Toy": {
        "image_auroc": 0.6119653587840226,
        "pixel_ap": 0.005166577054527418,
        "normal_count": 368,
        "anomaly_count": 492
    },
    "continual_ad_Multi-pen": {
        "image_auroc": 0.7927734439287712,
        "pixel_ap": 0.007404766658040896,
        "normal_count": 494,
        "anomaly_count": 492
    },
    "viaduct_09 joystick": {
        "image_auroc": 0.48667917448405257,
        "pixel_ap": 0.009759078583742437,
        "normal_count": 65,
        "anomaly_count": 41
    },
    "viaduct_01 shredded corn medium": {
        "image_auroc": 0.8953627311522049,
        "pixel_ap": 0.14493274260407793,
        "normal_count": 185,
        "anomaly_count": 95
    },
    "viaduct_46 damper small": {
        "image_auroc": 0.6490384615384616,
        "pixel_ap": 0.11873551236656608,
        "normal_count": 65,
        "anomaly_count": 48
    },
    "viaduct_18 raspberry": {
        "image_auroc": 0.30903361344537816,
        "pixel_ap": 0.037136897702905146,
        "normal_count": 170,
        "anomaly_count": 84
    },
    "viaduct_16 vibration sensor": {
        "image_auroc": 0.567,
        "pixel_ap": 0.0032402014819657354,
        "normal_count": 50,
        "anomaly_count": 20
    },
    "viaduct_36 redon needle": {
        "image_auroc": 0.7183421516754849,
        "pixel_ap": 0.033490950295623885,
        "normal_count": 180,
        "anomaly_count": 63
    },
    "viaduct_00 shredded corn rough": {
        "image_auroc": 0.7492307692307691,
        "pixel_ap": 0.10041669569658043,
        "normal_count": 80,
        "anomaly_count": 130
    },
    "viaduct_44 tack": {
        "image_auroc": 0.5515510948905109,
        "pixel_ap": 0.04522945543180885,
        "normal_count": 160,
        "anomaly_count": 137
    },
    "viaduct_06 coaxial t-adapter": {
        "image_auroc": 0.6476190476190476,
        "pixel_ap": 0.008523362803783189,
        "normal_count": 105,
        "anomaly_count": 14
    },
    "viaduct_31 valve handle red": {
        "image_auroc": 0.5361111111111111,
        "pixel_ap": 0.0008641431897716672,
        "normal_count": 45,
        "anomaly_count": 16
    },
    "viaduct_04 battery tray": {
        "image_auroc": 0.46820512820512816,
        "pixel_ap": 0.0022811666434143507,
        "normal_count": 65,
        "anomaly_count": 30
    },
    "viaduct_29 threaded fitting": {
        "image_auroc": 0.5496415770609319,
        "pixel_ap": 0.0033258047285029927,
        "normal_count": 90,
        "anomaly_count": 62
    },
    "viaduct_03 3-pole socket housing": {
        "image_auroc": 0.4781546811397558,
        "pixel_ap": 0.04647785339239174,
        "normal_count": 110,
        "anomaly_count": 134
    },
    "viaduct_33 drill": {
        "image_auroc": 0.5973027375201287,
        "pixel_ap": 0.04377354325932094,
        "normal_count": 180,
        "anomaly_count": 138
    },
    "viaduct_15 terminal block B": {
        "image_auroc": 0.5061538461538462,
        "pixel_ap": 0.006526456874170741,
        "normal_count": 65,
        "anomaly_count": 50
    },
    "viaduct_17 cherry": {
        "image_auroc": 0.5897727272727272,
        "pixel_ap": 0.012059239643339572,
        "normal_count": 275,
        "anomaly_count": 112
    },
    "viaduct_21 cylinder screw": {
        "image_auroc": 0.7383838383838384,
        "pixel_ap": 0.019216694411436277,
        "normal_count": 180,
        "anomaly_count": 22
    },
    "viaduct_32 bone pliers": {
        "image_auroc": 0.6911196911196911,
        "pixel_ap": 0.00423846255291632,
        "normal_count": 185,
        "anomaly_count": 63
    },
    "viaduct_42 aluminium plate": {
        "image_auroc": 0.6503333333333333,
        "pixel_ap": 0.020864934257172046,
        "normal_count": 20,
        "anomaly_count": 150
    },
    "viaduct_10 PCB": {
        "image_auroc": 0.5444444444444445,
        "pixel_ap": 0.001360928710952855,
        "normal_count": 50,
        "anomaly_count": 45
    },
    "viaduct_19 strawberry": {
        "image_auroc": 0.44994708994708993,
        "pixel_ap": 0.17187364645219944,
        "normal_count": 175,
        "anomaly_count": 135
    },
    "viaduct_37 retractor": {
        "image_auroc": 0.538974358974359,
        "pixel_ap": 0.08032953026308282,
        "normal_count": 180,
        "anomaly_count": 65
    },
    "viaduct_25 reinforcing sleeve": {
        "image_auroc": 0.7181818181818181,
        "pixel_ap": 0.02154914190035076,
        "normal_count": 50,
        "anomaly_count": 11
    },
    "viaduct_35 pink tablet": {
        "image_auroc": 0.5990000000000001,
        "pixel_ap": 0.17348149582607753,
        "normal_count": 50,
        "anomaly_count": 60
    },
    "btad_02": {
        "image_auroc": 0.6599999999999999,
        "pixel_ap": 0.10859562506898267,
        "normal_count": 30,
        "anomaly_count": 190
    },
    "mpdd_bracket_black": {
        "image_auroc": 0.41216216216216217,
        "pixel_ap": 0.0006024056527084349,
        "normal_count": 32,
        "anomaly_count": 37
    },
    "mpdd_metal_plate": {
        "image_auroc": 0.6261034047919294,
        "pixel_ap": 0.4729420086723447,
        "normal_count": 26,
        "anomaly_count": 61
    },
    "mpdd_bracket_white": {
        "image_auroc": 0.595,
        "pixel_ap": 1.3313754089849803e-05,
        "normal_count": 30,
        "anomaly_count": 20
    }
}