{
    "continual_ad_Cucumber": {
        "image_auroc": 0.49684222860155836,
        "pixel_ap": 0.009697617653141883,
        "normal_count": 505,
        "anomaly_count": 507
    },
    "continual_ad_Spoon": {
        "image_auroc": 0.5888665817609254,
        "pixel_ap": 0.007762501520379339,
        "normal_count": 527,
        "anomaly_count": 517
    },
    "continual_ad_Apple": {
        "image_auroc": 0.5542849012114806,
        "pixel_ap": 0.03426379575657444,
        "normal_count": 490,
        "anomaly_count": 502
    },
    "continual_ad_Kleenex": {
        "image_auroc": 0.3766056518946692,
        "pixel_ap": 0.014957928439177134,
        "normal_count": 480,
        "anomaly_count": 519
    },
    "continual_ad_Glasses-case": {
        "image_auroc": 0.5977916662122021,
        "pixel_ap": 0.005532374138428438,
        "normal_count": 501,
        "anomaly_count": 549
    },
    "continual_ad_Toothbrush": {
        "image_auroc": 0.6656466302367942,
        "pixel_ap": 0.0035037616343348826,
        "normal_count": 500,
        "anomaly_count": 549
    },
    "continual_ad_Soap": {
        "image_auroc": 0.6008810686343435,
        "pixel_ap": 0.0060781709019821035,
        "normal_count": 394,
        "anomaly_count": 787
    },
    "continual_ad_Notebook": {
        "image_auroc": 0.4279963877049813,
        "pixel_ap": 0.012580144994580078,
        "normal_count": 354,
        "anomaly_count": 513
    },
    "continual_ad_Capsule": {
        "image_auroc": 0.5950766350204639,
        "pixel_ap": 0.029661776348515013,
        "normal_count": 507,
        "anomaly_count": 493
    },
    "continual_ad_Sunglasses": {
        "image_auroc": 0.6154616926160013,
        "pixel_ap": 0.01969544201459004,
        "normal_count": 499,
        "anomaly_count": 572
    },
    "continual_ad_Pencil": {
        "image_auroc": 0.7212310403799765,
        "pixel_ap": 0.002326751823484275,
        "normal_count": 518,
        "anomaly_count": 517
    },
    "continual_ad_Food-container": {
        "image_auroc": 0.4601423627497247,
        "pixel_ap": 0.03078540674384823,
        "normal_count": 520,
        "anomaly_count": 489
    },
    "continual_ad_Chopsticks": {
        "image_auroc": 0.84674555750219,
        "pixel_ap": 0.012738117997624658,
        "normal_count": 488,
        "anomaly_count": 524
    },
    "continual_ad_Toy": {
        "image_auroc": 0.617173692117356,
        "pixel_ap": 0.005177251263166111,
        "normal_count": 368,
        "anomaly_count": 492
    },
    "continual_ad_Multi-pen": {
        "image_auroc": 0.7516539942727363,
        "pixel_ap": 0.006246567645753767,
        "normal_count": 494,
        "anomaly_count": 492
    },
    "viaduct_09 joystick": {
        "image_auroc": 0.5174484052532833,
        "pixel_ap": 0.011391358538819465,
        "normal_count": 65,
        "anomaly_count": 41
    },
    "viaduct_01 shredded corn medium": {
        "image_auroc": 0.8348221906116643,
        "pixel_ap": 0.07695248846679749,
        "normal_count": 185,
        "anomaly_count": 95
    },
    "viaduct_46 damper small": {
        "image_auroc": 0.4875,
        "pixel_ap": 0.053007885279660966,
        "normal_count": 65,
        "anomaly_count": 48
    },
    "viaduct_18 raspberry": {
        "image_auroc": 0.30938375350140057,
        "pixel_ap": 0.037217185431416305,
        "normal_count": 170,
        "anomaly_count": 84
    },
    "viaduct_16 vibration sensor": {
        "image_auroc": 0.46299999999999997,
        "pixel_ap": 0.002020173615110514,
        "normal_count": 50,
        "anomaly_count": 20
    },
    "viaduct_36 redon needle": {
        "image_auroc": 0.525925925925926,
        "pixel_ap": 0.001055309282062788,
        "normal_count": 180,
        "anomaly_count": 63
    },
    "viaduct_00 shredded corn rough": {
        "image_auroc": 0.7245192307692309,
        "pixel_ap": 0.06078706492989462,
        "normal_count": 80,
        "anomaly_count": 130
    },
    "viaduct_44 tack": {
        "image_auroc": 0.506934306569343,
        "pixel_ap": 0.04778201961588058,
        "normal_count": 160,
        "anomaly_count": 137
    },
    "viaduct_06 coaxial t-adapter": {
        "image_auroc": 0.6428571428571428,
        "pixel_ap": 0.01258852027843987,
        "normal_count": 105,
        "anomaly_count": 14
    },
    "viaduct_31 valve handle red": {
        "image_auroc": 0.5333333333333333,
        "pixel_ap": 0.000628382732231358,
        "normal_count": 45,
        "anomaly_count": 16
    },
    "viaduct_04 battery tray": {
        "image_auroc": 0.504102564102564,
        "pixel_ap": 0.0012966269353527284,
        "normal_count": 65,
        "anomaly_count": 30
    },
    "viaduct_29 threaded fitting": {
        "image_auroc": 0.5767025089605735,
        "pixel_ap": 0.0014161382147685505,
        "normal_count": 90,
        "anomaly_count": 62
    },
    "viaduct_03 3-pole socket housing": {
        "image_auroc": 0.46662143826322927,
        "pixel_ap": 0.041496466989369714,
        "normal_count": 110,
        "anomaly_count": 134
    },
    "viaduct_33 drill": {
        "image_auroc": 0.6301127214170692,
        "pixel_ap": 0.01548686807347609,
        "normal_count": 180,
        "anomaly_count": 138
    },
    "viaduct_15 terminal block B": {
        "image_auroc": 0.5326153846153846,
        "pixel_ap": 0.005642442409767232,
        "normal_count": 65,
        "anomaly_count": 50
    },
    "viaduct_17 cherry": {
        "image_auroc": 0.5908441558441558,
        "pixel_ap": 0.012472109563535118,
        "normal_count": 275,
        "anomaly_count": 112
    },
    "viaduct_21 cylinder screw": {
        "image_auroc": 0.6227272727272728,
        "pixel_ap": 0.006637128552979902,
        "normal_count": 180,
        "anomaly_count": 22
    },
    "viaduct_32 bone pliers": {
        "image_auroc": 0.5599313599313598,
        "pixel_ap": 0.09080233842091545,
        "normal_count": 185,
        "anomaly_count": 63
    },
    "viaduct_42 aluminium plate": {
        "image_auroc": 0.6463333333333333,
        "pixel_ap": 0.018776688963735962,
        "normal_count": 20,
        "anomaly_count": 150
    },
    "viaduct_10 PCB": {
        "image_auroc": 0.5226666666666666,
        "pixel_ap": 0.0019689683096229408,
        "normal_count": 50,
        "anomaly_count": 45
    },
    "viaduct_19 strawberry": {
        "image_auroc": 0.47005291005291006,
        "pixel_ap": 0.142518525574018,
        "normal_count": 175,
        "anomaly_count": 135
    },
    "viaduct_37 retractor": {
        "image_auroc": 0.5641880341880343,
        "pixel_ap": 0.002774266393707289,
        "normal_count": 180,
        "anomaly_count": 65
    },
    "viaduct_25 reinforcing sleeve": {
        "image_auroc": 0.5945454545454545,
        "pixel_ap": 0.02011305362654831,
        "normal_count": 50,
        "anomaly_count": 11
    },
    "viaduct_35 pink tablet": {
        "image_auroc": 0.8443333333333333,
        "pixel_ap": 0.2143724295964659,
        "normal_count": 50,
        "anomaly_count": 60
    },
    "btad_02": {
        "image_auroc": 0.5656140350877192,
        "pixel_ap": 0.07594218963665794,
        "normal_count": 30,
        "anomaly_count": 190
    },
    "mpdd_bracket_black": {
        "image_auroc": 0.3918918918918919,
        "pixel_ap": 0.0003495139611514504,
        "normal_count": 32,
        "anomaly_count": 37
    },
    "mpdd_metal_plate": {
        "image_auroc": 0.25094577553593944,
        "pixel_ap": 0.31895779984081585,
        "normal_count": 26,
        "anomaly_count": 61
    },
    "mpdd_bracket_white": {
        "image_auroc": 0.4683333333333333,
        "pixel_ap": 1.5376869510348905e-05,
        "normal_count": 30,
        "anomaly_count": 20
    }
}