{
    "continual_ad_Cucumber": {
        "image_auroc": 0.3161325600015623,
        "pixel_ap": 0.009204501719534429,
        "normal_count": 505,
        "anomaly_count": 507
    },
    "continual_ad_Spoon": {
        "image_auroc": 0.5874682062255239,
        "pixel_ap": 0.006820296148842554,
        "normal_count": 527,
        "anomaly_count": 517
    },
    "continual_ad_Apple": {
        "image_auroc": 0.3681966013497032,
        "pixel_ap": 0.03467339525415372,
        "normal_count": 490,
        "anomaly_count": 502
    },
    "continual_ad_Kleenex": {
        "image_auroc": 0.39414739884393063,
        "pixel_ap": 0.01844630024744269,
        "normal_count": 480,
        "anomaly_count": 519
    },
    "continual_ad_Glasses-case": {
        "image_auroc": 0.6610040392802736,
        "pixel_ap": 0.005421165687944795,
        "normal_count": 501,
        "anomaly_count": 549
    },
    "continual_ad_Toothbrush": {
        "image_auroc": 0.6413989071038251,
        "pixel_ap": 0.006602205584554217,
        "normal_count": 500,
        "anomaly_count": 549
    },
    "continual_ad_Soap": {
        "image_auroc": 0.6193054650765291,
        "pixel_ap": 0.008941449645628,
        "normal_count": 394,
        "anomaly_count": 787
    },
    "continual_ad_Notebook": {
        "image_auroc": 0.4443288069514653,
        "pixel_ap": 0.012892371260381084,
        "normal_count": 354,
        "anomaly_count": 513
    },
    "continual_ad_Capsule": {
        "image_auroc": 0.6020940104260435,
        "pixel_ap": 0.019847817643798085,
        "normal_count": 507,
        "anomaly_count": 493
    },
    "continual_ad_Sunglasses": {
        "image_auroc": 0.5929551410513334,
        "pixel_ap": 0.020279698447483636,
        "normal_count": 499,
        "anomaly_count": 572
    },
    "continual_ad_Pencil": {
        "image_auroc": 0.6635026847792806,
        "pixel_ap": 0.0036927274311717526,
        "normal_count": 518,
        "anomaly_count": 517
    },
    "continual_ad_Food-container": {
        "image_auroc": 0.41547899952807926,
        "pixel_ap": 0.028352540760087988,
        "normal_count": 520,
        "anomaly_count": 489
    },
    "continual_ad_Chopsticks": {
        "image_auroc": 0.7420183644099612,
        "pixel_ap": 0.012564818804679027,
        "normal_count": 488,
        "anomaly_count": 524
    },
    "continual_ad_Toy": {
        "image_auroc": 0.6199960233297985,
        "pixel_ap": 0.005780800055254683,
        "normal_count": 368,
        "anomaly_count": 492
    },
    "continual_ad_Multi-pen": {
        "image_auroc": 0.7986652842236924,
        "pixel_ap": 0.007543301302632687,
        "normal_count": 494,
        "anomaly_count": 492
    },
    "viaduct_09 joystick": {
        "image_auroc": 0.5287054409005629,
        "pixel_ap": 0.013517234392816841,
        "normal_count": 65,
        "anomaly_count": 41
    },
    "viaduct_01 shredded corn medium": {
        "image_auroc": 0.9142532005689901,
        "pixel_ap": 0.14365275630354898,
        "normal_count": 185,
        "anomaly_count": 95
    },
    "viaduct_46 damper small": {
        "image_auroc": 0.614423076923077,
        "pixel_ap": 0.07196123294104373,
        "normal_count": 65,
        "anomaly_count": 48
    },
    "viaduct_18 raspberry": {
        "image_auroc": 0.3310224089635855,
        "pixel_ap": 0.049571069391612904,
        "normal_count": 170,
        "anomaly_count": 84
    },
    "viaduct_16 vibration sensor": {
        "image_auroc": 0.603,
        "pixel_ap": 0.0030017441230913017,
        "normal_count": 50,
        "anomaly_count": 20
    },
    "viaduct_36 redon needle": {
        "image_auroc": 0.7224867724867725,
        "pixel_ap": 0.03631584240485271,
        "normal_count": 180,
        "anomaly_count": 63
    },
    "viaduct_00 shredded corn rough": {
        "image_auroc": 0.7818269230769231,
        "pixel_ap": 0.10105692812119949,
        "normal_count": 80,
        "anomaly_count": 130
    },
    "viaduct_44 tack": {
        "image_auroc": 0.48147810218978104,
        "pixel_ap": 0.04184591590400476,
        "normal_count": 160,
        "anomaly_count": 137
    },
    "viaduct_06 coaxial t-adapter": {
        "image_auroc": 0.5918367346938775,
        "pixel_ap": 0.007909071334739726,
        "normal_count": 105,
        "anomaly_count": 14
    },
    "viaduct_31 valve handle red": {
        "image_auroc": 0.6319444444444445,
        "pixel_ap": 0.000920002796722456,
        "normal_count": 45,
        "anomaly_count": 16
    },
    "viaduct_04 battery tray": {
        "image_auroc": 0.4215384615384616,
        "pixel_ap": 0.0013172835748040785,
        "normal_count": 65,
        "anomaly_count": 30
    },
    "viaduct_29 threaded fitting": {
        "image_auroc": 0.6234767025089606,
        "pixel_ap": 0.002952901303889167,
        "normal_count": 90,
        "anomaly_count": 62
    },
    "viaduct_03 3-pole socket housing": {
        "image_auroc": 0.4632293080054274,
        "pixel_ap": 0.04244427453555244,
        "normal_count": 110,
        "anomaly_count": 134
    },
    "viaduct_33 drill": {
        "image_auroc": 0.5638083735909823,
        "pixel_ap": 0.03371655482144978,
        "normal_count": 180,
        "anomaly_count": 138
    },
    "viaduct_15 terminal block B": {
        "image_auroc": 0.5267692307692308,
        "pixel_ap": 0.0059998053579135655,
        "normal_count": 65,
        "anomaly_count": 50
    },
    "viaduct_17 cherry": {
        "image_auroc": 0.5963636363636363,
        "pixel_ap": 0.01119500502456641,
        "normal_count": 275,
        "anomaly_count": 112
    },
    "viaduct_21 cylinder screw": {
        "image_auroc": 0.6795454545454546,
        "pixel_ap": 0.02127826762765996,
        "normal_count": 180,
        "anomaly_count": 22
    },
    "viaduct_32 bone pliers": {
        "image_auroc": 0.5987987987987987,
        "pixel_ap": 0.006477173518290906,
        "normal_count": 185,
        "anomaly_count": 63
    },
    "viaduct_42 aluminium plate": {
        "image_auroc": 0.8340000000000001,
        "pixel_ap": 0.02018571099246505,
        "normal_count": 20,
        "anomaly_count": 150
    },
    "viaduct_10 PCB": {
        "image_auroc": 0.52,
        "pixel_ap": 0.001573544811977705,
        "normal_count": 50,
        "anomaly_count": 45
    },
    "viaduct_19 strawberry": {
        "image_auroc": 0.4828783068783068,
        "pixel_ap": 0.13812291759854886,
        "normal_count": 175,
        "anomaly_count": 135
    },
    "viaduct_37 retractor": {
        "image_auroc": 0.5535897435897436,
        "pixel_ap": 0.019219546634276177,
        "normal_count": 180,
        "anomaly_count": 65
    },
    "viaduct_25 reinforcing sleeve": {
        "image_auroc": 0.6527272727272726,
        "pixel_ap": 0.019563251695612304,
        "normal_count": 50,
        "anomaly_count": 11
    },
    "viaduct_35 pink tablet": {
        "image_auroc": 0.6779999999999999,
        "pixel_ap": 0.18447278500015007,
        "normal_count": 50,
        "anomaly_count": 60
    },
    "btad_02": {
        "image_auroc": 0.5847368421052632,
        "pixel_ap": 0.11641938425086058,
        "normal_count": 30,
        "anomaly_count": 190
    },
    "mpdd_bracket_black": {
        "image_auroc": 0.5101351351351351,
        "pixel_ap": 0.000501747511446028,
        "normal_count": 32,
        "anomaly_count": 37
    },
    "mpdd_metal_plate": {
        "image_auroc": 0.5554854981084489,
        "pixel_ap": 0.48579671189461393,
        "normal_count": 26,
        "anomaly_count": 61
    },
    "mpdd_bracket_white": {
        "image_auroc": 0.5733333333333333,
        "pixel_ap": 1.347384872816379e-05,
        "normal_count": 30,
        "anomaly_count": 20
    }
}