{
    "mvtec_toothbrush": {
        "image_auroc": 0.6125,
        "pixel_ap": 0.20613722964280018,
        "normal_count": 12,
        "anomaly_count": 20
    },
    "continual_ad_Spoon": {
        "image_auroc": 0.508634326632631,
        "pixel_ap": 0.005521204854837623,
        "normal_count": 527,
        "anomaly_count": 517
    },
    "viaduct_11 ring cable lug": {
        "image_auroc": 0.47079081632653064,
        "pixel_ap": 0.017589421608430196,
        "normal_count": 140,
        "anomaly_count": 56
    }
}