{
    "mvtec_toothbrush": {
        "image_auroc": 0.7583333333333334,
        "pixel_ap": 0.3026186811508208,
        "normal_count": 12,
        "anomaly_count": 20
    },
    "continual_ad_Spoon": {
        "image_auroc": 0.5240274683530366,
        "pixel_ap": 0.0063599713806880695,
        "normal_count": 527,
        "anomaly_count": 517
    },
    "viaduct_11 ring cable lug": {
        "image_auroc": 0.5386479591836734,
        "pixel_ap": 0.047844807931268864,
        "normal_count": 140,
        "anomaly_count": 56
    }
}