{
    "mvtec_toothbrush": {
        "image_auroc": 0.6958333333333333,
        "pixel_ap": 0.2101945442394271,
        "normal_count": 12,
        "anomaly_count": 20
    },
    "continual_ad_Spoon": {
        "image_auroc": 0.5360696471762723,
        "pixel_ap": 0.005501095645911943,
        "normal_count": 527,
        "anomaly_count": 517
    },
    "viaduct_11 ring cable lug": {
        "image_auroc": 0.46479591836734696,
        "pixel_ap": 0.019165061747465368,
        "normal_count": 140,
        "anomaly_count": 56
    }
}