{
    "continual_ad_Cup": {
        "image_auroc": 0.4517986809144814,
        "pixel_ap": 0.014266185722457888,
        "normal_count": 517,
        "anomaly_count": 488
    },
    "mvtec_tile": {
        "image_auroc": 0.8697788697788699,
        "pixel_ap": 0.2999832927343431,
        "normal_count": 33,
        "anomaly_count": 74
    },
    "viaduct_32 bone pliers": {
        "image_auroc": 0.555984555984556,
        "pixel_ap": 0.0025770627950945937,
        "normal_count": 185,
        "anomaly_count": 63
    },
    "visa_macaroni1": {
        "image_auroc": 0.6018888888888888,
        "pixel_ap": 0.0,
        "normal_count": 100,
        "anomaly_count": 90
    },
    "viaduct_17 cherry": {
        "image_auroc": 0.6298051948051948,
        "pixel_ap": 0.009099052715184585,
        "normal_count": 275,
        "anomaly_count": 112
    }
}