{
    "continual_ad_Cup": {
        "image_auroc": 0.39442163173415357,
        "pixel_ap": 0.010198046640275314,
        "normal_count": 517,
        "anomaly_count": 488
    },
    "mvtec_tile": {
        "image_auroc": 0.9090909090909092,
        "pixel_ap": 0.24961462216012711,
        "normal_count": 33,
        "anomaly_count": 74
    },
    "viaduct_32 bone pliers": {
        "image_auroc": 0.5974259974259973,
        "pixel_ap": 0.07155463191550882,
        "normal_count": 185,
        "anomaly_count": 63
    },
    "visa_macaroni1": {
        "image_auroc": 0.6721111111111111,
        "pixel_ap": 0.0,
        "normal_count": 100,
        "anomaly_count": 90
    },
    "viaduct_17 cherry": {
        "image_auroc": 0.6343506493506493,
        "pixel_ap": 0.0154971284409932,
        "normal_count": 275,
        "anomaly_count": 112
    }
}