{
    "continual_ad_Cup": {
        "image_auroc": 0.4243547261946285,
        "pixel_ap": 0.016980776229593784,
        "normal_count": 517,
        "anomaly_count": 488
    },
    "mvtec_tile": {
        "image_auroc": 0.8149058149058148,
        "pixel_ap": 0.17088283438249594,
        "normal_count": 33,
        "anomaly_count": 74
    },
    "viaduct_32 bone pliers": {
        "image_auroc": 0.6022308022308023,
        "pixel_ap": 0.005626223655599522,
        "normal_count": 185,
        "anomaly_count": 63
    },
    "visa_macaroni1": {
        "image_auroc": 0.6986666666666667,
        "pixel_ap": 0.0,
        "normal_count": 100,
        "anomaly_count": 90
    },
    "viaduct_17 cherry": {
        "image_auroc": 0.6272727272727273,
        "pixel_ap": 0.012482560566462126,
        "normal_count": 275,
        "anomaly_count": 112
    }
}