{
    "continual_ad_Cup": {
        "image_auroc": 0.42565875003963594,
        "pixel_ap": 0.015382555070441221,
        "normal_count": 517,
        "anomaly_count": 488
    },
    "mvtec_tile": {
        "image_auroc": 0.8771498771498772,
        "pixel_ap": 0.21983464735085892,
        "normal_count": 33,
        "anomaly_count": 74
    },
    "viaduct_32 bone pliers": {
        "image_auroc": 0.594937794937795,
        "pixel_ap": 0.03589817329562989,
        "normal_count": 185,
        "anomaly_count": 63
    },
    "visa_macaroni1": {
        "image_auroc": 0.6897777777777778,
        "pixel_ap": 0.0,
        "normal_count": 100,
        "anomaly_count": 90
    },
    "viaduct_17 cherry": {
        "image_auroc": 0.62,
        "pixel_ap": 0.015548851404266872,
        "normal_count": 275,
        "anomaly_count": 112
    }
}