{
    "continual_ad_Cup": {
        "image_auroc": 0.46274613945524307,
        "pixel_ap": 0.012521093777082241,
        "normal_count": 517,
        "anomaly_count": 488
    },
    "mvtec_tile": {
        "image_auroc": 0.9660114660114659,
        "pixel_ap": 0.2950488770430465,
        "normal_count": 33,
        "anomaly_count": 74
    },
    "viaduct_32 bone pliers": {
        "image_auroc": 0.4991848991848992,
        "pixel_ap": 0.004537480073221769,
        "normal_count": 185,
        "anomaly_count": 63
    },
    "visa_macaroni1": {
        "image_auroc": 0.7278888888888888,
        "pixel_ap": 0.0,
        "normal_count": 100,
        "anomaly_count": 90
    },
    "viaduct_17 cherry": {
        "image_auroc": 0.6012337662337662,
        "pixel_ap": 0.013424788852962433,
        "normal_count": 275,
        "anomaly_count": 112
    }
}