{
    "continual_ad_Cup": {
        "image_auroc": 0.46389954656435295,
        "pixel_ap": 0.011195432924089801,
        "normal_count": 517,
        "anomaly_count": 488
    },
    "mvtec_tile": {
        "image_auroc": 0.8734643734643734,
        "pixel_ap": 0.1945914920549061,
        "normal_count": 33,
        "anomaly_count": 74
    },
    "viaduct_32 bone pliers": {
        "image_auroc": 0.5079365079365079,
        "pixel_ap": 0.018883734382218915,
        "normal_count": 185,
        "anomaly_count": 63
    },
    "visa_macaroni1": {
        "image_auroc": 0.6448888888888888,
        "pixel_ap": 0.0,
        "normal_count": 100,
        "anomaly_count": 90
    },
    "viaduct_17 cherry": {
        "image_auroc": 0.5775649350649351,
        "pixel_ap": 0.01108984258542216,
        "normal_count": 275,
        "anomaly_count": 112
    }
}