{
    "continual_ad_Energy-bar": {
        "image_auroc": 0.5314270012001032,
        "pixel_ap": 0.09493999367614661,
        "normal_count": 329,
        "anomaly_count": 542
    },
    "continual_ad_Dollar": {
        "image_auroc": 0.7386955486295909,
        "pixel_ap": 0.019643289880625612,
        "normal_count": 391,
        "anomaly_count": 494
    },
    "viaduct_39 self-tapping bolt": {
        "image_auroc": 0.40678571428571425,
        "pixel_ap": 0.06040098631913959,
        "normal_count": 140,
        "anomaly_count": 140
    },
    "continual_ad_Candy": {
        "image_auroc": 0.5886866932459638,
        "pixel_ap": 0.014565294012412598,
        "normal_count": 517,
        "anomaly_count": 490
    },
    "viaduct_38 round pill": {
        "image_auroc": 0.616829268292683,
        "pixel_ap": 0.09646427318111987,
        "normal_count": 50,
        "anomaly_count": 82
    }
}