{
    "continual_ad_Energy-bar": {
        "image_auroc": 0.6606511961776153,
        "pixel_ap": 0.07959949009961491,
        "normal_count": 329,
        "anomaly_count": 542
    },
    "continual_ad_Dollar": {
        "image_auroc": 0.7291642937759508,
        "pixel_ap": 0.016211499341206678,
        "normal_count": 391,
        "anomaly_count": 494
    },
    "viaduct_39 self-tapping bolt": {
        "image_auroc": 0.6844897959183674,
        "pixel_ap": 0.1754654308003194,
        "normal_count": 140,
        "anomaly_count": 140
    },
    "continual_ad_Candy": {
        "image_auroc": 0.7382070816721272,
        "pixel_ap": 0.01097378965835379,
        "normal_count": 517,
        "anomaly_count": 490
    },
    "viaduct_38 round pill": {
        "image_auroc": 0.6773170731707316,
        "pixel_ap": 0.11134069346325652,
        "normal_count": 50,
        "anomaly_count": 82
    }
}