{
    "continual_ad_Energy-bar": {
        "image_auroc": 0.5383920860485201,
        "pixel_ap": 0.11478944502133322,
        "normal_count": 329,
        "anomaly_count": 542
    },
    "continual_ad_Dollar": {
        "image_auroc": 0.5898609399753565,
        "pixel_ap": 0.03223320662114079,
        "normal_count": 391,
        "anomaly_count": 494
    },
    "viaduct_39 self-tapping bolt": {
        "image_auroc": 0.5381122448979592,
        "pixel_ap": 0.06737286855774263,
        "normal_count": 140,
        "anomaly_count": 140
    },
    "continual_ad_Candy": {
        "image_auroc": 0.5405834287293254,
        "pixel_ap": 0.02024159803258015,
        "normal_count": 517,
        "anomaly_count": 490
    },
    "viaduct_38 round pill": {
        "image_auroc": 0.5465853658536586,
        "pixel_ap": 0.0331418093272351,
        "normal_count": 50,
        "anomaly_count": 82
    }
}