{
    "continual_ad_Energy-bar": {
        "image_auroc": 0.5104924909431465,
        "pixel_ap": 0.09684802517939076,
        "normal_count": 329,
        "anomaly_count": 542
    },
    "continual_ad_Dollar": {
        "image_auroc": 0.8091263965540451,
        "pixel_ap": 0.020724489407444407,
        "normal_count": 391,
        "anomaly_count": 494
    },
    "viaduct_39 self-tapping bolt": {
        "image_auroc": 0.582295918367347,
        "pixel_ap": 0.151575105568283,
        "normal_count": 140,
        "anomaly_count": 140
    },
    "continual_ad_Candy": {
        "image_auroc": 0.515019934472822,
        "pixel_ap": 0.013083943646435146,
        "normal_count": 517,
        "anomaly_count": 490
    },
    "viaduct_38 round pill": {
        "image_auroc": 0.24536585365853658,
        "pixel_ap": 0.09212258284357336,
        "normal_count": 50,
        "anomaly_count": 82
    }
}