{
    "continual_ad_Energy-bar": {
        "image_auroc": 0.5445608407451856,
        "pixel_ap": 0.1093687247465685,
        "normal_count": 329,
        "anomaly_count": 542
    },
    "continual_ad_Dollar": {
        "image_auroc": 0.7621897553247667,
        "pixel_ap": 0.02148121375649319,
        "normal_count": 391,
        "anomaly_count": 494
    },
    "viaduct_39 self-tapping bolt": {
        "image_auroc": 0.609234693877551,
        "pixel_ap": 0.174096193681087,
        "normal_count": 140,
        "anomaly_count": 140
    },
    "continual_ad_Candy": {
        "image_auroc": 0.646307188252477,
        "pixel_ap": 0.023398229552240364,
        "normal_count": 517,
        "anomaly_count": 490
    },
    "viaduct_38 round pill": {
        "image_auroc": 0.7595121951219512,
        "pixel_ap": 0.22002617953863807,
        "normal_count": 50,
        "anomaly_count": 82
    }
}