{
    "continual_ad_Energy-bar": {
        "image_auroc": 0.5333561390325149,
        "pixel_ap": 0.09312753780112352,
        "normal_count": 329,
        "anomaly_count": 542
    },
    "continual_ad_Dollar": {
        "image_auroc": 0.7996262049970491,
        "pixel_ap": 0.022892719737105625,
        "normal_count": 391,
        "anomaly_count": 494
    },
    "viaduct_39 self-tapping bolt": {
        "image_auroc": 0.5858673469387755,
        "pixel_ap": 0.13214481239816803,
        "normal_count": 140,
        "anomaly_count": 140
    },
    "continual_ad_Candy": {
        "image_auroc": 0.5797773654916512,
        "pixel_ap": 0.0184072495686118,
        "normal_count": 517,
        "anomaly_count": 490
    },
    "viaduct_38 round pill": {
        "image_auroc": 0.4029268292682927,
        "pixel_ap": 0.18698560782806148,
        "normal_count": 50,
        "anomaly_count": 82
    }
}