{
    "continual_ad_Energy-bar": {
        "image_auroc": 0.538128511984208,
        "pixel_ap": 0.10228572349305777,
        "normal_count": 329,
        "anomaly_count": 542
    },
    "continual_ad_Apple": {
        "image_auroc": 0.3448654362143263,
        "pixel_ap": 0.038812391690568424,
        "normal_count": 490,
        "anomaly_count": 502
    },
    "continual_ad_Kleenex": {
        "image_auroc": 0.41630539499036606,
        "pixel_ap": 0.020559815338401545,
        "normal_count": 480,
        "anomaly_count": 519
    },
    "continual_ad_Ruler": {
        "image_auroc": 0.813939438591321,
        "pixel_ap": 0.003311267575208957,
        "normal_count": 277,
        "anomaly_count": 490
    },
    "continual_ad_Toothpaste": {
        "image_auroc": 0.36512685676292367,
        "pixel_ap": 0.0077331015802978255,
        "normal_count": 513,
        "anomaly_count": 516
    },
    "continual_ad_Sunglasses": {
        "image_auroc": 0.6433321187830205,
        "pixel_ap": 0.021974934710518246,
        "normal_count": 499,
        "anomaly_count": 572
    },
    "continual_ad_Capsule": {
        "image_auroc": 0.5892374905481474,
        "pixel_ap": 0.03560061467217737,
        "normal_count": 507,
        "anomaly_count": 493
    },
    "continual_ad_Flash-drive": {
        "image_auroc": 0.6163860830527497,
        "pixel_ap": 0.027037914958539563,
        "normal_count": 522,
        "anomaly_count": 495
    },
    "continual_ad_Band-aid": {
        "image_auroc": 0.784676027596542,
        "pixel_ap": 0.0042280024013270825,
        "normal_count": 511,
        "anomaly_count": 491
    },
    "continual_ad_Cucumber": {
        "image_auroc": 0.35453355986486224,
        "pixel_ap": 0.011370196657736155,
        "normal_count": 505,
        "anomaly_count": 507
    },
    "continual_ad_Toothbrush": {
        "image_auroc": 0.5783861566484517,
        "pixel_ap": 0.004607226424842884,
        "normal_count": 500,
        "anomaly_count": 549
    },
    "continual_ad_Soap": {
        "image_auroc": 0.548884474229065,
        "pixel_ap": 0.005018103961352567,
        "normal_count": 394,
        "anomaly_count": 787
    },
    "continual_ad_Dollar": {
        "image_auroc": 0.8403916046263603,
        "pixel_ap": 0.01988453331312744,
        "normal_count": 391,
        "anomaly_count": 494
    },
    "continual_ad_Pencil": {
        "image_auroc": 0.6640851960000895,
        "pixel_ap": 0.0034232308354622634,
        "normal_count": 518,
        "anomaly_count": 517
    },
    "continual_ad_Fork": {
        "image_auroc": 0.57329234295285,
        "pixel_ap": 0.007237203087328068,
        "normal_count": 537,
        "anomaly_count": 507
    },
    "continual_ad_Toy": {
        "image_auroc": 0.6281979056203606,
        "pixel_ap": 0.00573480310368219,
        "normal_count": 368,
        "anomaly_count": 492
    },
    "continual_ad_Multi-pen": {
        "image_auroc": 0.7745630492742175,
        "pixel_ap": 0.007599962207546284,
        "normal_count": 494,
        "anomaly_count": 492
    },
    "continual_ad_Chopsticks": {
        "image_auroc": 0.7528821486672507,
        "pixel_ap": 0.012128602103554398,
        "normal_count": 488,
        "anomaly_count": 524
    },
    "mvtec_leather": {
        "image_auroc": 0.5564024390243902,
        "pixel_ap": 0.09672753724617102,
        "normal_count": 32,
        "anomaly_count": 82
    },
    "mvtec_hazelnut": {
        "image_auroc": 0.745,
        "pixel_ap": 0.18085111715054097,
        "normal_count": 40,
        "anomaly_count": 60
    },
    "mvtec_pill": {
        "image_auroc": 0.6529653552554314,
        "pixel_ap": 0.09778313204073173,
        "normal_count": 26,
        "anomaly_count": 131
    },
    "mvtec_wood": {
        "image_auroc": 0.9010526315789474,
        "pixel_ap": 0.2967351059579498,
        "normal_count": 19,
        "anomaly_count": 50
    },
    "mvtec_screw": {
        "image_auroc": 0.4947415529201164,
        "pixel_ap": 0.016621812562110025,
        "normal_count": 41,
        "anomaly_count": 109
    },
    "mvtec_zipper": {
        "image_auroc": 0.868979357798165,
        "pixel_ap": 0.360557492780921,
        "normal_count": 32,
        "anomaly_count": 109
    },
    "mvtec_grid": {
        "image_auroc": 0.5845997973657548,
        "pixel_ap": 0.0037635815596392497,
        "normal_count": 21,
        "anomaly_count": 47
    },
    "mvtec_metal_nut": {
        "image_auroc": 0.2289156626506024,
        "pixel_ap": 0.19650137230019518,
        "normal_count": 22,
        "anomaly_count": 83
    },
    "mvtec_bottle": {
        "image_auroc": 0.689622641509434,
        "pixel_ap": 0.17096279903640527,
        "normal_count": 20,
        "anomaly_count": 53
    },
    "visa_pcb4": {
        "image_auroc": 0.2756875687568757,
        "pixel_ap": 0.0,
        "normal_count": 101,
        "anomaly_count": 90
    },
    "visa_candle": {
        "image_auroc": 0.47488888888888886,
        "pixel_ap": 0.0,
        "normal_count": 100,
        "anomaly_count": 90
    },
    "visa_pipe_fryum": {
        "image_auroc": 0.5757777777777777,
        "pixel_ap": 0.0,
        "normal_count": 50,
        "anomaly_count": 90
    },
    "visa_cashew": {
        "image_auroc": 0.7162222222222222,
        "pixel_ap": 0.0,
        "normal_count": 50,
        "anomaly_count": 90
    },
    "visa_chewinggum": {
        "image_auroc": 0.5222222222222221,
        "pixel_ap": 0.0,
        "normal_count": 50,
        "anomaly_count": 90
    },
    "visa_pcb1": {
        "image_auroc": 0.6481111111111111,
        "pixel_ap": 0.0,
        "normal_count": 100,
        "anomaly_count": 90
    },
    "visa_macaroni2": {
        "image_auroc": 0.5670000000000001,
        "pixel_ap": 0.0,
        "normal_count": 100,
        "anomaly_count": 90
    },
    "viaduct_10 PCB": {
        "image_auroc": 0.4937777777777778,
        "pixel_ap": 0.0026131809621422705,
        "normal_count": 50,
        "anomaly_count": 45
    },
    "viaduct_43 paperclip": {
        "image_auroc": 0.46911976911976916,
        "pixel_ap": 0.03518132278956167,
        "normal_count": 110,
        "anomaly_count": 63
    },
    "viaduct_37 retractor": {
        "image_auroc": 0.6682905982905983,
        "pixel_ap": 0.027109880892701763,
        "normal_count": 180,
        "anomaly_count": 65
    },
    "viaduct_44 tack": {
        "image_auroc": 0.4841697080291971,
        "pixel_ap": 0.03889772125144423,
        "normal_count": 160,
        "anomaly_count": 137
    },
    "viaduct_39 self-tapping bolt": {
        "image_auroc": 0.43724489795918364,
        "pixel_ap": 0.06667158413155207,
        "normal_count": 140,
        "anomaly_count": 140
    },
    "viaduct_12 rotary encoder": {
        "image_auroc": 0.5621052631578947,
        "pixel_ap": 0.003707150723853183,
        "normal_count": 50,
        "anomaly_count": 19
    },
    "viaduct_06 coaxial t-adapter": {
        "image_auroc": 0.4170068027210884,
        "pixel_ap": 0.006522588798336192,
        "normal_count": 105,
        "anomaly_count": 14
    },
    "viaduct_19 strawberry": {
        "image_auroc": 0.4206984126984126,
        "pixel_ap": 0.13969974327306517,
        "normal_count": 175,
        "anomaly_count": 135
    },
    "viaduct_15 terminal block B": {
        "image_auroc": 0.5439999999999999,
        "pixel_ap": 0.005967130829237734,
        "normal_count": 65,
        "anomaly_count": 50
    },
    "viaduct_28 key": {
        "image_auroc": 0.4574074074074074,
        "pixel_ap": 0.0991737217008466,
        "normal_count": 90,
        "anomaly_count": 30
    },
    "viaduct_02 shredded corn fine": {
        "image_auroc": 0.7117566643882433,
        "pixel_ap": 0.07036695658294014,
        "normal_count": 110,
        "anomaly_count": 133
    },
    "viaduct_20 tea bag": {
        "image_auroc": 0.5411111111111112,
        "pixel_ap": 0.013329394054759018,
        "normal_count": 140,
        "anomaly_count": 90
    },