{
    "continual_ad_Energy-bar": {
        "image_auroc": 0.5189549007952086,
        "pixel_ap": 0.09870920020372846,
        "normal_count": 329,
        "anomaly_count": 542
    },
    "continual_ad_Apple": {
        "image_auroc": 0.3574436946093178,
        "pixel_ap": 0.03023419484644687,
        "normal_count": 490,
        "anomaly_count": 502
    },
    "continual_ad_Kleenex": {
        "image_auroc": 0.5609023763648041,
        "pixel_ap": 0.025186044895435546,
        "normal_count": 480,
        "anomaly_count": 519
    },
    "continual_ad_Ruler": {
        "image_auroc": 0.7626464304133205,
        "pixel_ap": 0.003745752753439331,
        "normal_count": 277,
        "anomaly_count": 490
    },
    "continual_ad_Toothpaste": {
        "image_auroc": 0.48111881771612497,
        "pixel_ap": 0.010474365532705032,
        "normal_count": 513,
        "anomaly_count": 516
    },
    "continual_ad_Sunglasses": {
        "image_auroc": 0.5191011393416203,
        "pixel_ap": 0.024533429505091565,
        "normal_count": 499,
        "anomaly_count": 572
    },
    "continual_ad_Capsule": {
        "image_auroc": 0.5385575572812271,
        "pixel_ap": 0.021944796504949862,
        "normal_count": 507,
        "anomaly_count": 493
    },
    "continual_ad_Flash-drive": {
        "image_auroc": 0.5697859824296605,
        "pixel_ap": 0.0353085861624054,
        "normal_count": 522,
        "anomaly_count": 495
    },
    "continual_ad_Band-aid": {
        "image_auroc": 0.7276256372035185,
        "pixel_ap": 0.006735321653857542,
        "normal_count": 511,
        "anomaly_count": 491
    },
    "continual_ad_Cucumber": {
        "image_auroc": 0.28950729392465874,
        "pixel_ap": 0.006651862507152214,
        "normal_count": 505,
        "anomaly_count": 507
    },
    "continual_ad_Toothbrush": {
        "image_auroc": 0.648888888888889,
        "pixel_ap": 0.005671846060214351,
        "normal_count": 500,
        "anomaly_count": 549
    },
    "continual_ad_Soap": {
        "image_auroc": 0.6298350737556357,
        "pixel_ap": 0.011809889862415598,
        "normal_count": 394,
        "anomaly_count": 787
    },
    "continual_ad_Dollar": {
        "image_auroc": 0.7385971815235511,
        "pixel_ap": 0.02878207083441667,
        "normal_count": 391,
        "anomaly_count": 494
    },
    "continual_ad_Pencil": {
        "image_auroc": 0.5606446457510288,
        "pixel_ap": 0.0033248131474676776,
        "normal_count": 518,
        "anomaly_count": 517
    },
    "continual_ad_Fork": {
        "image_auroc": 0.4570831450934588,
        "pixel_ap": 0.006853254856743351,
        "normal_count": 537,
        "anomaly_count": 507
    },
    "continual_ad_Toy": {
        "image_auroc": 0.5773241428066455,
        "pixel_ap": 0.004801148102499267,
        "normal_count": 368,
        "anomaly_count": 492
    },
    "continual_ad_Multi-pen": {
        "image_auroc": 0.6677281853790198,
        "pixel_ap": 0.0073069371877082364,
        "normal_count": 494,
        "anomaly_count": 492
    },
    "continual_ad_Chopsticks": {
        "image_auroc": 0.6294816043048429,
        "pixel_ap": 0.01087703545778753,
        "normal_count": 488,
        "anomaly_count": 524
    },
    "mvtec_leather": {
        "image_auroc": 0.8064024390243902,
        "pixel_ap": 0.2796187247222917,
        "normal_count": 32,
        "anomaly_count": 82
    },
    "mvtec_hazelnut": {
        "image_auroc": 0.7775,
        "pixel_ap": 0.10194713921089477,
        "normal_count": 40,
        "anomaly_count": 60
    },
    "mvtec_pill": {
        "image_auroc": 0.7022900763358778,
        "pixel_ap": 0.16835556258212572,
        "normal_count": 26,
        "anomaly_count": 131
    },
    "mvtec_wood": {
        "image_auroc": 0.9315789473684211,
        "pixel_ap": 0.17305812963914943,
        "normal_count": 19,
        "anomaly_count": 50
    },
    "mvtec_screw": {
        "image_auroc": 0.6077422242112329,
        "pixel_ap": 0.016312749700667775,
        "normal_count": 41,
        "anomaly_count": 109
    },
    "mvtec_zipper": {
        "image_auroc": 0.5384174311926606,
        "pixel_ap": 0.1087824830521843,
        "normal_count": 32,
        "anomaly_count": 109
    },
    "mvtec_grid": {
        "image_auroc": 0.5704154002026343,
        "pixel_ap": 0.003941767914589005,
        "normal_count": 21,
        "anomaly_count": 47
    },
    "mvtec_metal_nut": {
        "image_auroc": 0.5093099671412924,
        "pixel_ap": 0.2219670592799998,
        "normal_count": 22,
        "anomaly_count": 83
    },
    "mvtec_bottle": {
        "image_auroc": 0.7481132075471699,
        "pixel_ap": 0.13566246299321524,
        "normal_count": 20,
        "anomaly_count": 53
    },
    "visa_pcb4": {
        "image_auroc": 0.38646864686468646,
        "pixel_ap": 0.0,
        "normal_count": 101,
        "anomaly_count": 90
    },
    "visa_candle": {
        "image_auroc": 0.4922222222222223,
        "pixel_ap": 0.0,
        "normal_count": 100,
        "anomaly_count": 90
    },
    "visa_pipe_fryum": {
        "image_auroc": 0.6197777777777778,
        "pixel_ap": 0.0,
        "normal_count": 50,
        "anomaly_count": 90
    },
    "visa_cashew": {
        "image_auroc": 0.6177777777777778,
        "pixel_ap": 0.0,
        "normal_count": 50,
        "anomaly_count": 90
    },
    "visa_chewinggum": {
        "image_auroc": 0.5448888888888889,
        "pixel_ap": 0.0,
        "normal_count": 50,
        "anomaly_count": 90
    },
    "visa_pcb1": {
        "image_auroc": 0.5398888888888889,
        "pixel_ap": 0.0,
        "normal_count": 100,
        "anomaly_count": 90
    },
    "visa_macaroni2": {
        "image_auroc": 0.5934444444444443,
        "pixel_ap": 0.0,
        "normal_count": 100,
        "anomaly_count": 90
    },
    "viaduct_10 PCB": {
        "image_auroc": 0.5102222222222222,
        "pixel_ap": 0.0021832785481759403,
        "normal_count": 50,
        "anomaly_count": 45
    },
    "viaduct_43 paperclip": {
        "image_auroc": 0.4562770562770562,
        "pixel_ap": 0.02848864456906712,
        "normal_count": 110,
        "anomaly_count": 63
    },
    "viaduct_37 retractor": {
        "image_auroc": 0.5547863247863248,
        "pixel_ap": 0.10116274710896005,
        "normal_count": 180,
        "anomaly_count": 65
    },
    "viaduct_44 tack": {
        "image_auroc": 0.5460310218978103,
        "pixel_ap": 0.04490853683309158,
        "normal_count": 160,
        "anomaly_count": 137
    },
    "viaduct_39 self-tapping bolt": {
        "image_auroc": 0.4677040816326531,
        "pixel_ap": 0.05792010243674882,
        "normal_count": 140,
        "anomaly_count": 140
    },
    "viaduct_12 rotary encoder": {
        "image_auroc": 0.4610526315789473,
        "pixel_ap": 0.0044591023282959125,
        "normal_count": 50,
        "anomaly_count": 19
    },
    "viaduct_06 coaxial t-adapter": {
        "image_auroc": 0.5054421768707482,
        "pixel_ap": 0.008489046544367279,
        "normal_count": 105,
        "anomaly_count": 14
    },
    "viaduct_19 strawberry": {
        "image_auroc": 0.4504126984126983,
        "pixel_ap": 0.13039613133730557,
        "normal_count": 175,
        "anomaly_count": 135
    },
    "viaduct_15 terminal block B": {
        "image_auroc": 0.5378461538461539,
        "pixel_ap": 0.00455874498237676,
        "normal_count": 65,
        "anomaly_count": 50
    },
    "viaduct_28 key": {
        "image_auroc": 0.4092592592592593,
        "pixel_ap": 0.07353743117006684,
        "normal_count": 90,
        "anomaly_count": 30
    },
    "viaduct_02 shredded corn fine": {
        "image_auroc": 0.8205741626794258,
        "pixel_ap": 0.1568885309567982,
        "normal_count": 110,
        "anomaly_count": 133
    },
    "viaduct_20 tea bag": {
        "image_auroc": 0.5842063492063492,
        "pixel_ap": 0.018012377531803684,
        "normal_count": 140,
        "anomaly_count": 90
    },