{
    "continual_ad_Energy-bar": {
        "image_auroc": 0.5807770387734272,
        "pixel_ap": 0.09208166889628748,
        "normal_count": 329,
        "anomaly_count": 542
    },
    "continual_ad_Apple": {
        "image_auroc": 0.40166680217903894,
        "pixel_ap": 0.04859582765380539,
        "normal_count": 490,
        "anomaly_count": 502
    },
    "continual_ad_Kleenex": {
        "image_auroc": 0.4435091522157996,
        "pixel_ap": 0.01784646627543888,
        "normal_count": 480,
        "anomaly_count": 519
    },
    "continual_ad_Ruler": {
        "image_auroc": 0.8276431150077359,
        "pixel_ap": 0.0036624587030179992,
        "normal_count": 277,
        "anomaly_count": 490
    },
    "continual_ad_Toothpaste": {
        "image_auroc": 0.41576000725327533,
        "pixel_ap": 0.005874227323124129,
        "normal_count": 513,
        "anomaly_count": 516
    },
    "continual_ad_Sunglasses": {
        "image_auroc": 0.6596654848157855,
        "pixel_ap": 0.018887753897877255,
        "normal_count": 499,
        "anomaly_count": 572
    },
    "continual_ad_Capsule": {
        "image_auroc": 0.5875271553224433,
        "pixel_ap": 0.013463153745804106,
        "normal_count": 507,
        "anomaly_count": 493
    },
    "continual_ad_Flash-drive": {
        "image_auroc": 0.6045938310306126,
        "pixel_ap": 0.031001412155571617,
        "normal_count": 522,
        "anomaly_count": 495
    },
    "continual_ad_Band-aid": {
        "image_auroc": 0.811491385048286,
        "pixel_ap": 0.004632926515721493,
        "normal_count": 511,
        "anomaly_count": 491
    },
    "continual_ad_Cucumber": {
        "image_auroc": 0.49000722557462845,
        "pixel_ap": 0.012977842937105665,
        "normal_count": 505,
        "anomaly_count": 507
    },
    "continual_ad_Toothbrush": {
        "image_auroc": 0.5840291438979963,
        "pixel_ap": 0.004778970751382252,
        "normal_count": 500,
        "anomaly_count": 549
    },
    "continual_ad_Soap": {
        "image_auroc": 0.5603815814085488,
        "pixel_ap": 0.007162723158403474,
        "normal_count": 394,
        "anomaly_count": 787
    },
    "continual_ad_Dollar": {
        "image_auroc": 0.7449755117678123,
        "pixel_ap": 0.01818813177881215,
        "normal_count": 391,
        "anomaly_count": 494
    },
    "continual_ad_Pencil": {
        "image_auroc": 0.6315392485605251,
        "pixel_ap": 0.002950460106778068,
        "normal_count": 518,
        "anomaly_count": 517
    },
    "continual_ad_Fork": {
        "image_auroc": 0.6301352756015413,
        "pixel_ap": 0.008863578931379994,
        "normal_count": 537,
        "anomaly_count": 507
    },
    "continual_ad_Toy": {
        "image_auroc": 0.6128766790385295,
        "pixel_ap": 0.005408428975322151,
        "normal_count": 368,
        "anomaly_count": 492
    },
    "continual_ad_Multi-pen": {
        "image_auroc": 0.7216887199236365,
        "pixel_ap": 0.00735925496499733,
        "normal_count": 494,
        "anomaly_count": 492
    },
    "continual_ad_Chopsticks": {
        "image_auroc": 0.7805969215367288,
        "pixel_ap": 0.013128819005199407,
        "normal_count": 488,
        "anomaly_count": 524
    },
    "mvtec_leather": {
        "image_auroc": 0.5419207317073171,
        "pixel_ap": 0.09578455760129077,
        "normal_count": 32,
        "anomaly_count": 82
    },
    "mvtec_hazelnut": {
        "image_auroc": 0.7695833333333334,
        "pixel_ap": 0.2560541001215638,
        "normal_count": 40,
        "anomaly_count": 60
    },
    "mvtec_pill": {
        "image_auroc": 0.758954785672343,
        "pixel_ap": 0.17238884913858923,
        "normal_count": 26,
        "anomaly_count": 131
    },
    "mvtec_wood": {
        "image_auroc": 0.8378947368421052,
        "pixel_ap": 0.23428678590967694,
        "normal_count": 19,
        "anomaly_count": 50
    },
    "mvtec_screw": {
        "image_auroc": 0.5088386663683151,
        "pixel_ap": 0.015275702955969224,
        "normal_count": 41,
        "anomaly_count": 109
    },
    "mvtec_zipper": {
        "image_auroc": 0.882454128440367,
        "pixel_ap": 0.48564287949745477,
        "normal_count": 32,
        "anomaly_count": 109
    },
    "mvtec_grid": {
        "image_auroc": 0.630192502532928,
        "pixel_ap": 0.0031397571995809134,
        "normal_count": 21,
        "anomaly_count": 47
    },
    "mvtec_metal_nut": {
        "image_auroc": 0.4474260679079956,
        "pixel_ap": 0.2343077994642641,
        "normal_count": 22,
        "anomaly_count": 83
    },
    "mvtec_bottle": {
        "image_auroc": 0.7537735849056604,
        "pixel_ap": 0.18509787726469082,
        "normal_count": 20,
        "anomaly_count": 53
    },
    "visa_pcb4": {
        "image_auroc": 0.26556655665566553,
        "pixel_ap": 0.0,
        "normal_count": 101,
        "anomaly_count": 90
    },
    "visa_candle": {
        "image_auroc": 0.5217777777777778,
        "pixel_ap": 0.0,
        "normal_count": 100,
        "anomaly_count": 90
    },
    "visa_pipe_fryum": {
        "image_auroc": 0.6462222222222221,
        "pixel_ap": 0.0,
        "normal_count": 50,
        "anomaly_count": 90
    },
    "visa_cashew": {
        "image_auroc": 0.6555555555555554,
        "pixel_ap": 0.0,
        "normal_count": 50,
        "anomaly_count": 90
    },
    "visa_chewinggum": {
        "image_auroc": 0.5946666666666667,
        "pixel_ap": 0.0,
        "normal_count": 50,
        "anomaly_count": 90
    },
    "visa_pcb1": {
        "image_auroc": 0.6173333333333333,
        "pixel_ap": 0.0,
        "normal_count": 100,
        "anomaly_count": 90
    },
    "visa_macaroni2": {
        "image_auroc": 0.5375555555555556,
        "pixel_ap": 0.0,
        "normal_count": 100,
        "anomaly_count": 90
    },
    "viaduct_10 PCB": {
        "image_auroc": 0.4568888888888889,
        "pixel_ap": 0.0018284188352730513,
        "normal_count": 50,
        "anomaly_count": 45
    },
    "viaduct_43 paperclip": {
        "image_auroc": 0.4887445887445887,
        "pixel_ap": 0.04133612674265083,
        "normal_count": 110,
        "anomaly_count": 63
    },
    "viaduct_37 retractor": {
        "image_auroc": 0.5692307692307692,
        "pixel_ap": 0.07019447914125325,
        "normal_count": 180,
        "anomaly_count": 65
    },
    "viaduct_44 tack": {
        "image_auroc": 0.616058394160584,
        "pixel_ap": 0.05484025760583629,
        "normal_count": 160,
        "anomaly_count": 137
    },
    "viaduct_39 self-tapping bolt": {
        "image_auroc": 0.5173979591836735,
        "pixel_ap": 0.06397742948105356,
        "normal_count": 140,
        "anomaly_count": 140
    },
    "viaduct_12 rotary encoder": {
        "image_auroc": 0.4894736842105263,
        "pixel_ap": 0.003557211147197823,
        "normal_count": 50,
        "anomaly_count": 19
    },
    "viaduct_06 coaxial t-adapter": {
        "image_auroc": 0.4897959183673469,
        "pixel_ap": 0.007187386263660566,
        "normal_count": 105,
        "anomaly_count": 14
    },
    "viaduct_19 strawberry": {
        "image_auroc": 0.47733333333333333,
        "pixel_ap": 0.1524433786187805,
        "normal_count": 175,
        "anomaly_count": 135
    },
    "viaduct_15 terminal block B": {
        "image_auroc": 0.504,
        "pixel_ap": 0.005411007394786404,
        "normal_count": 65,
        "anomaly_count": 50
    },
    "viaduct_28 key": {
        "image_auroc": 0.49703703703703705,
        "pixel_ap": 0.13477001806497219,
        "normal_count": 90,
        "anomaly_count": 30
    },
    "viaduct_02 shredded corn fine": {
        "image_auroc": 0.6650717703349281,
        "pixel_ap": 0.03891230132323698,
        "normal_count": 110,
        "anomaly_count": 133
    },
    "viaduct_20 tea bag": {
        "image_auroc": 0.6322222222222222,
        "pixel_ap": 0.04215658714199037,
        "normal_count": 140,
        "anomaly_count": 90
    },